Original Filename,/home/tos/snakestrike_test/triangulation/capture_014/TriangulatedPoints_1.xml,
ModifiedNumTimesteps,121,
MaxNumPoints,9,
MaxTimestep,120,
NumMissingTimesteps,0,
0,-3.9685565391688598e+01|-4.9143513998447810e+02|3.6463154249017557e+03,-2.0609437325199806e+02|-5.0872002002731307e+02|3.5516614067251039e+03,-3.7165325783995979e+02|-5.2314930638660826e+02|3.4515194907923783e+03,-3.8308664884991157e+02|-3.4094300274454821e+02|3.4700594006766078e+03,-2.1746345450247946e+02|-3.2165193763849607e+02|3.5672356936477718e+03,-5.0633091687556700e+01|-3.0664484722797056e+02|3.6596964505482524e+03,-6.1717784201439009e+01|-1.2106045089845222e+02|3.6735659435233379e+03,-2.3161777017041300e+02|-1.3402098185479983e+02|3.5816047504135031e+03,-3.9804933506403825e+02|-1.4774064938774481e+02|3.4872581997794914e+03,
1,-3.9615619907437072e+01|-4.9137417077822397e+02|3.6459950887595210e+03,-2.0608903020616938e+02|-5.0873060132043310e+02|3.5515903237987354e+03,-3.7148047456183338e+02|-5.2321508832288930e+02|3.4511809180013061e+03,-3.8305506173912318e+02|-3.4104775287884900e+02|3.4699234016472792e+03,-2.1746501020797376e+02|-3.2157929167972816e+02|3.5671670869268237e+03,-5.0421716809121556e+01|-3.0665125857889512e+02|3.6594405462226237e+03,-6.1609310111423362e+01|-1.2110371189182369e+02|3.6733528770377366e+03,-2.3161183281993550e+02|-1.3397376447936838e+02|3.5814429915975043e+03,-3.9802496929621253e+02|-1.4778142105782825e+02|3.4870898106626978e+03,
2,-3.9591587564085089e+01|-4.9133030720268692e+02|3.6459066932162104e+03,-2.0613498635419305e+02|-5.0866056042334230e+02|3.5513896637341090e+03,-3.7148994913708037e+02|-5.2316750971171518e+02|3.4511235944083214e+03,-3.8302797623527965e+02|-3.4095716357668317e+02|3.4695973381720737e+03,-2.1745214903923616e+02|-3.2142961877433828e+02|3.5667915036580225e+03,-5.0351225926672953e+01|-3.0654063186401271e+02|3.6592350202889165e+03,-6.1688532503674516e+01|-1.2091575669915112e+02|3.6731560726561029e+03,-2.3159067604779719e+02|-1.3390400080352808e+02|3.5810248251741300e+03,-3.9797310404364595e+02|-1.4765967483602043e+02|3.4865473098426282e+03,
3,-3.9501118802464291e+01|-4.9100625682609495e+02|3.6457735808149141e+03,-2.0609948763980691e+02|-5.0847543225275984e+02|3.5511961863110687e+03,-3.7150288250677704e+02|-5.2298739868122345e+02|3.4511023700110545e+03,-3.8301308001942579e+02|-3.4075323362912980e+02|3.4693192771941835e+03,-2.1744744870189692e+02|-3.2128382356431621e+02|3.5665397360965503e+03,-5.0314970948926970e+01|-3.0628627102060915e+02|3.6593047485464563e+03,-6.1602372877206903e+01|-1.2071053599583166e+02|3.6727126520908319e+03,-2.3151667518632433e+02|-1.3371952420579194e+02|3.5805821131122566e+03,-3.9795095931026486e+02|-1.4757935849230878e+02|3.4862906692691595e+03,
4,-3.9632199405735122e+01|-4.9061550198502738e+02|3.6458139114785054e+03,-2.0607902831025800e+02|-5.0816266698529034e+02|3.5511271577959947e+03,-3.7150261786964103e+02|-5.2287602871548700e+02|3.4510286856670723e+03,-3.8299996969527274e+02|-3.4049390964563145e+02|3.4690700357454903e+03,-2.1735073981464600e+02|-3.2092032916502353e+02|3.5662111200229701e+03,-5.0323651223621006e+01|-3.0581928378207687e+02|3.6592271005903808e+03,-6.1497595312425325e+01|-1.2023014901036574e+02|3.6723178198871333e+03,-2.3152562180671003e+02|-1.3337265791789633e+02|3.5804369670648093e+03,-3.9779867976801069e+02|-1.4742382148409664e+02|3.4860398369141353e+03,
5,-3.9662914074644412e+01|-4.9024147220715321e+02|3.6457666553068075e+03,-2.0606194926902353e+02|-5.0770607663047923e+02|3.5510101431161843e+03,-3.7131484381567685e+02|-5.2239804910868372e+02|3.4509451641809833e+03,-3.8289590191857388e+02|-3.3996113104696639e+02|3.4688458572478053e+03,-2.1738775585737389e+02|-3.2047493373042710e+02|3.5661315676891172e+03,-5.0319132323779968e+01|-3.0538340475907643e+02|3.6590052386138059e+03,-6.1526451915153245e+01|-1.1971705135065945e+02|3.6721461564308879e+03,-2.3153792963976522e+02|-1.3294297045799243e+02|3.5802849303281623e+03,-3.9784774915352540e+02|-1.4689129608922670e+02|3.4858433402503956e+03,
6,-3.9669869672233112e+01|-4.8991322550855261e+02|3.6456388689866567e+03,-2.0605782251804558e+02|-5.0745602491075260e+02|3.5509319224817382e+03,-3.7133430752393070e+02|-5.2205851681273407e+02|3.4507064128519942e+03,-3.8285535831391275e+02|-3.3969714551390308e+02|3.4686947438030525e+03,-2.1740128619550978e+02|-3.2022758005612394e+02|3.5659950765760818e+03,-5.0350422856102689e+01|-3.0507095519092479e+02|3.6587080747976161e+03,-6.1467037635620542e+01|-1.1945444128356188e+02|3.6718024929969783e+03,-2.3147704363524903e+02|-1.3262895222315939e+02|3.5801404076469889e+03,-3.9768239536911415e+02|-1.4646054485398722e+02|3.4851867351252085e+03,
7,-3.9735724754848988e+01|-4.8958585334916853e+02|3.6455460634025249e+03,-2.0602089763846232e+02|-5.0723500293162937e+02|3.5508121479968622e+03,-3.7132267399445669e+02|-5.2188206909630969e+02|3.4504284635486188e+03,-3.8279556197225548e+02|-3.3952483523903834e+02|3.4682150687777130e+03,-2.1739348342155677e+02|-3.2008271084528792e+02|3.5656904059675580e+03,-5.0293096737080475e+01|-3.0483630218184391e+02|3.6583433979508100e+03,-6.1256822650030450e+01|-1.1924613165277060e+02|3.6715074525820773e+03,-2.3143316596084776e+02|-1.3236601197246412e+02|3.5795564230268023e+03,-3.9760799637044170e+02|-1.4626469182951053e+02|3.4848139375583442e+03,
8,-3.9756810020115367e+01|-4.8949447303858159e+02|3.6454097973548960e+03,-2.0600965068759055e+02|-5.0705756519440484e+02|3.5504960055640609e+03,-3.7130641297879339e+02|-5.2181746890820557e+02|3.4502221842979343e+03,-3.8277271943876917e+02|-3.3945901187899352e+02|3.4680318301703528e+03,-2.1737909405465584e+02|-3.2005213865346707e+02|3.5654388794141200e+03,-5.0272304775606798e+01|-3.0472453396142328e+02|3.6581598544267486e+03,-6.1367543640715056e+01|-1.1917606379121571e+02|3.6712355417759195e+03,-2.3143489075288323e+02|-1.3221256809323870e+02|3.5792665176087089e+03,-3.9756172485544403e+02|-1.4622473077461080e+02|3.4845525044070805e+03,
9,-3.9766984737910988e+01|-4.8940039893722872e+02|3.6452623467494509e+03,-2.0598386936598820e+02|-5.0706560373046341e+02|3.5503479411336039e+03,-3.7125723878177877e+02|-5.2179955585612493e+02|3.4497777417898060e+03,-3.8279753195222986e+02|-3.3935684758174511e+02|3.4676157906385602e+03,-2.1736536992844458e+02|-3.2001905709795619e+02|3.5651959084280561e+03,-5.0367967024070147e+01|-3.0468706764976486e+02|3.6580272725601194e+03,-6.1409839822243633e+01|-1.1914929779157545e+02|3.6711316705634554e+03,-2.3141307474143662e+02|-1.3222006567005488e+02|3.5789368395604902e+03,-3.9754624834870975e+02|-1.4624193308882624e+02|3.4841598891984709e+03,
10,-3.9821177077180280e+01|-4.8937432728734638e+02|3.6449151099844112e+03,-2.0597329973838018e+02|-5.0709657142032069e+02|3.5497456612317892e+03,-3.7133512483020672e+02|-5.2188165577969153e+02|3.4495798047197209e+03,-3.8278352509364470e+02|-3.3941685278224571e+02|3.4673265694257761e+03,-2.1734336643831358e+02|-3.1992501733291726e+02|3.5647562839035377e+03,-5.0617987537694283e+01|-3.0462819241104432e+02|3.6576775873346805e+03,-6.1421243192949568e+01|-1.1908955479066776e+02|3.6705798041768203e+03,-2.3154162274528215e+02|-1.3228384428552511e+02|3.5787093483512085e+03,-3.9761274477232212e+02|-1.4621077076160782e+02|3.4837599796783825e+03,
11,-3.9838729667662193e+01|-4.8943201093446328e+02|3.6445990376574200e+03,-2.0600854568470808e+02|-5.0717501234371161e+02|3.5493411716307414e+03,-3.7144402930800493e+02|-5.2201704878828139e+02|3.4495566940740027e+03,-3.8278108229416097e+02|-3.3953372051217639e+02|3.4669391758707493e+03,-2.1747744514341900e+02|-3.1993168679970080e+02|3.5646288355767169e+03,-5.0757544238939637e+01|-3.0475641985334556e+02|3.6575095234188916e+03,-6.1582805995170176e+01|-1.1908254168473211e+02|3.6705009804211072e+03,-2.3182442524760208e+02|-1.3231301345145931e+02|3.5784496868774445e+03,-3.9774181785143185e+02|-1.4630617799938639e+02|3.4835339356625991e+03,
12,-3.9867838160185904e+01|-4.8954514998376828e+02|3.6444846752275066e+03,-2.0602200987717634e+02|-5.0720497764553141e+02|3.5491866550657119e+03,-3.7145382867030855e+02|-5.2211214924266937e+02|3.4490678704919565e+03,-3.8283148961649511e+02|-3.3973493163928714e+02|3.4666978397582802e+03,-2.1767712155398436e+02|-3.2007133365776616e+02|3.5647323223687476e+03,-5.0855206420252429e+01|-3.0489575878783734e+02|3.6575142837191861e+03,-6.1796715547720069e+01|-1.1917097235008980e+02|3.6706507899997632e+03,-2.3192294559032553e+02|-1.3234113442314472e+02|3.5782403878204759e+03,-3.9777104326041774e+02|-1.4646207615380405e+02|3.4833845996356276e+03,
13,-3.9804016775910064e+01|-4.8977921033815812e+02|3.6444480363850121e+03,-2.0611826354995097e+02|-5.0733323445211732e+02|3.5492221194086819e+03,-3.7144490493606611e+02|-5.2230312853122666e+02|3.4488259539469623e+03,-3.8287990995660982e+02|-3.3985372608088608e+02|3.4666272184690956e+03,-2.1764924203233770e+02|-3.2024975560997314e+02|3.5646176970273013e+03,-5.0857617040936127e+01|-3.0500904887358121e+02|3.6574253652956668e+03,-6.1862760167037301e+01|-1.1936273453216265e+02|3.6708457309292407e+03,-2.3197923595321757e+02|-1.3252220995641127e+02|3.5782895444638611e+03,-3.9777870946368904e+02|-1.4658339417293195e+02|3.4833527087504526e+03,
14,-3.9708027737293683e+01|-4.8994146387473353e+02|3.6442026526173340e+03,-2.0608823838874554e+02|-5.0758066228450360e+02|3.5491001488513589e+03,-3.7131797807336909e+02|-5.2243138846551687e+02|3.4486739830924953e+03,-3.8286628801550518e+02|-3.4003085829241729e+02|3.4665469650108844e+03,-2.1762975079158133e+02|-3.2050010292015605e+02|3.5645883681685955e+03,-5.0836465928708343e+01|-3.0516471463080200e+02|3.6573130688405945e+03,-6.1812521116910425e+01|-1.1962872430040983e+02|3.6708359429428856e+03,-2.3198866897287922e+02|-1.3275463918559348e+02|3.5786704067893911e+03,-3.9777732395001453e+02|-1.4678022928749505e+02|3.4833474351328941e+03,
15,-3.9735392414494157e+01|-4.9042733881765713e+02|3.6442450541791072e+03,-2.0599545674533485e+02|-5.0802788359978979e+02|3.5489854781175336e+03,-3.7095743833928498e+02|-5.2264981217971592e+02|3.4481657911702782e+03,-3.8279668650779058e+02|-3.4034582019903343e+02|3.4668153699537133e+03,-2.1750381257491117e+02|-3.2087356165672395e+02|3.5645131097746721e+03,-5.0791580286937709e+01|-3.0565433935569558e+02|3.6575644737394914e+03,-6.1807953093001188e+01|-1.1995043341373531e+02|3.6710812560231666e+03,-2.3187062734344252e+02|-1.3320366331952536e+02|3.5788737337674957e+03,-3.9768130901276567e+02|-1.4712169075509325e+02|3.4837174589551878e+03,
16,-3.9560270691516521e+01|-4.9087736510767570e+02|3.6442396983741087e+03,-2.0567187029588385e+02|-5.0842937393189396e+02|3.5488552074744066e+03,-3.7071676381305303e+02|-5.2295121518364090e+02|3.4483113288079226e+03,-3.8261366677559374e+02|-3.4072777334412586e+02|3.4668589742819649e+03,-2.1739318834247300e+02|-3.2119902864929168e+02|3.5647512180714175e+03,-5.0473460918777320e+01|-3.0618040868701354e+02|3.6576920033515516e+03,-6.1554223875929466e+01|-1.2044149018925748e+02|3.6714558087516084e+03,-2.3155909520085004e+02|-1.3354521361978152e+02|3.5789773235838829e+03,-3.9769637420598758e+02|-1.4756283700594278e+02|3.4841754116316320e+03,
17,-3.9051650417903048e+01|-4.9143830228415231e+02|3.6442376464802260e+03,-2.0522256549058179e+02|-5.0879451470488573e+02|3.5490453296978089e+03,-3.7051808927884287e+02|-5.2341823237209519e+02|3.4485473933982530e+03,-3.8215363064221953e+02|-3.4103039396886436e+02|3.4669416710143596e+03,-2.1702584274663096e+02|-3.2170219856359182e+02|3.5651002131019754e+03,-5.0065182480107644e+01|-3.0658503166856735e+02|3.6581464003621563e+03,-6.1343862032660397e+01|-1.2095252940357857e+02|3.6719657871489730e+03,-2.3132383233203038e+02|-1.3404340632190835e+02|3.5795997933547615e+03,-3.9732470710136283e+02|-1.4798732031359987e+02|3.4847452015180847e+03,
18,-3.8467564016061253e+01|-4.9194405535767947e+02|3.6445623222417121e+03,-2.0457122075523895e+02|-5.0931506803888158e+02|3.5492210410967718e+03,-3.6993052109672567e+02|-5.2361730139518500e+02|3.4484274485308420e+03,-3.8165990100963336e+02|-3.4147307992648979e+02|3.4672648015601167e+03,-2.1655802661381847e+02|-3.2217556771254363e+02|3.5653345561471519e+03,-4.9546021512837498e+01|-3.0711226478569546e+02|3.6583867414145561e+03,-6.0936348390315793e+01|-1.2149117923190832e+02|3.6724058180344718e+03,-2.3088676908716792e+02|-1.3454104751991309e+02|3.5802052599245490e+03,-3.9683425995684883e+02|-1.4828271925913444e+02|3.4850081007780263e+03,
19,-3.7826847076454058e+01|-4.9228952578335787e+02|3.6447962328472254e+03,-2.0418448316807059e+02|-5.0977533102628297e+02|3.5496012203083174e+03,-3.6912114278039348e+02|-5.2396544795168575e+02|3.4485989282371697e+03,-3.8106029337451878e+02|-3.4185870322857062e+02|3.4677659266399351e+03,-2.1585318424073080e+02|-3.2251792409528082e+02|3.5658761538763893e+03,-4.9051048482472311e+01|-3.0751620489624412e+02|3.6589067918602873e+03,-6.0598733416312299e+01|-1.2188011334547056e+02|3.6731770134307753e+03,-2.3046411509162337e+02|-1.3497316363661557e+02|3.5809855172877160e+03,-3.9630581596153081e+02|-1.4869571171660186e+02|3.4855449715470204e+03,
20,-3.7318094986388950e+01|-4.9259035184633638e+02|3.6451569627483818e+03,-2.0337213269842857e+02|-5.1000691522352707e+02|3.5499594293386763e+03,-3.6852631476440712e+02|-5.2431502984859890e+02|3.4491185848850946e+03,-3.8030777428719603e+02|-3.4213205417318335e+02|3.4679036771837345e+03,-2.1529060233633632e+02|-3.2279272791758916e+02|3.5662745716519844e+03,-4.8429244959156932e+01|-3.0772451592900336e+02|3.6595659976000916e+03,-6.0029357153400483e+01|-1.2218161828638848e+02|3.6739268278114387e+03,-2.3002596203647815e+02|-1.3514959233931762e+02|3.5814644952658937e+03,-3.9590058882170069e+02|-1.4907531303988623e+02|3.4863224651991309e+03,
21,-3.6716793073591518e+01|-4.9280042641297666e+02|3.6454484299525298e+03,-2.0255784935805613e+02|-5.1023454530038128e+02|3.5498880640087850e+03,-3.6795008887753983e+02|-5.2451215152677673e+02|3.4492803391185907e+03,-3.7975568842033982e+02|-3.4242449237690619e+02|3.4683041353727403e+03,-2.1476164575045775e+02|-3.2303512366746190e+02|3.5665402860647741e+03,-4.8119072622894379e+01|-3.0816776293320618e+02|3.6600805003245564e+03,-5.9627237630770900e+01|-1.2243700130250198e+02|3.6745611470277481e+03,-2.2953973753392179e+02|-1.3554043430920277e+02|3.5819706330792819e+03,-3.9546498397568593e+02|-1.4932541868036003e+02|3.4870245980072382e+03,
22,-3.6105083758747121e+01|-4.9322089161846219e+02|3.6455247535756480e+03,-2.0209896311564870e+02|-5.1071017274540918e+02|3.5499993538662970e+03,-3.6732994985864843e+02|-5.2468863746615148e+02|3.4490686819356779e+03,-3.7920735941356844e+02|-3.4283571762144481e+02|3.4685214104490597e+03,-2.1439154542604930e+02|-3.2354934580034387e+02|3.5669905699796454e+03,-4.7772484043866569e+01|-3.0863579971994631e+02|3.6605412309672433e+03,-5.9402773490465179e+01|-1.2309500883676095e+02|3.6752316439948108e+03,-2.2935071170741153e+02|-1.3596756848564672e+02|3.5828551946169009e+03,-3.9497233138041730e+02|-1.4977946736297588e+02|3.4873857911401683e+03,
23,-3.5959961033771236e+01|-4.9398067372893991e+02|3.6458856053464319e+03,-2.0182441998415683e+02|-5.1127401097122504e+02|3.5502800438547415e+03,-3.6695587470341269e+02|-5.2506659759179217e+02|3.4490340932384015e+03,-3.7894721510738964e+02|-3.4325411701072039e+02|3.4689954081742799e+03,-2.1407650023517317e+02|-3.2407325576211798e+02|3.5673092462701920e+03,-4.7616284921678734e+01|-3.0921588311353725e+02|3.6611278248180556e+03,-5.9379414963662711e+01|-1.2375725348991786e+02|3.6761201350750657e+03,-2.2917184110478738e+02|-1.3668657597789380e+02|3.5836928846843093e+03,-3.9488819494559482e+02|-1.5025147742982526e+02|3.4882719736285226e+03,
24,-3.5490633637071625e+01|-4.9477480887718770e+02|3.6461452962582603e+03,-2.0117511978552579e+02|-5.1190094757399004e+02|3.5501851715213875e+03,-3.6667201406909902e+02|-5.2556630261081170e+02|3.4492853139600697e+03,-3.7869514709273034e+02|-3.4387667109586715e+02|3.4694838339797561e+03,-2.1381570984570351e+02|-3.2485338633736973e+02|3.5679316027987406e+03,-4.7386995768453041e+01|-3.1012357937662131e+02|3.6616688654035916e+03,-5.9353681604456938e+01|-1.2462381864503102e+02|3.6772524558172108e+03,-2.2896515315071829e+02|-1.3732536195551523e+02|3.5847163748563357e+03,-3.9481587066158465e+02|-1.5091926264054391e+02|3.4893459474629135e+03,
25,-3.5102623141378345e+01|-4.9568048698776130e+02|3.6463767331313397e+03,-2.0080286823059274e+02|-5.1264425190131669e+02|3.5502648121910756e+03,-3.6609221049847730e+02|-5.2593751144326302e+02|3.4492107103983913e+03,-3.7842311960739920e+02|-3.4460014273845701e+02|3.4702187160396070e+03,-2.1353868748775798e+02|-3.2567388400385192e+02|3.5685585676473629e+03,-4.7080538386997318e+01|-3.1091045703613020e+02|3.6622201612639910e+03,-5.9252414270939632e+01|-1.2548178803970482e+02|3.6782768450138033e+03,-2.2865668297489407e+02|-1.3811424104109750e+02|3.5854182883837398e+03,-3.9437986608296654e+02|-1.5158866058455678e+02|3.4900925455473512e+03,
26,-3.4818937143600216e+01|-4.9637114691602591e+02|3.6467741976255393e+03,-2.0068778121790609e+02|-5.1336260392197562e+02|3.5507535284537344e+03,-3.6556936683001743e+02|-5.2645579595498816e+02|3.4494724099053988e+03,-3.7807488276101191e+02|-3.4533416721343775e+02|3.4707004898478522e+03,-2.1337610173021278e+02|-3.2628394529526253e+02|3.5691290898198322e+03,-4.6818223674117426e+01|-3.1166521222922142e+02|3.6629605093001933e+03,-5.9126815470878938e+01|-1.2622832154220374e+02|3.6793397479636583e+03,-2.2852168772596565e+02|-1.3880398280430057e+02|3.5862179536577810e+03,-3.9424895861246091e+02|-1.5231665581982310e+02|3.4910843105047297e+03,
27,-3.4684910171195099e+01|-4.9699354731178181e+02|3.6471851627537681e+03,-2.0020646400413577e+02|-5.1392198270439292e+02|3.5507788645803871e+03,-3.6574064026830018e+02|-5.2681779713357514e+02|3.4500299737797454e+03,-3.7799964447553577e+02|-3.4573889631562650e+02|3.4712284131390775e+03,-2.1319723930264419e+02|-3.2682457408274439e+02|3.5696710525827461e+03,-4.6906827616673787e+01|-3.1233786484276123e+02|3.6637824646346735e+03,-5.9327651104680378e+01|-1.2695528771393094e+02|3.6803033421431523e+03,-2.2872265766247108e+02|-1.3946442481846981e+02|3.5873760307917451e+03,-3.9429018202947651e+02|-1.5276533903905673e+02|3.4918147579147585e+03,
28,-3.4712821248803280e+01|-4.9741605849209157e+02|3.6475499827037152e+03,-2.0030659640879509e+02|-5.1433372241323048e+02|3.5513689183009405e+03,-3.6545302131860149e+02|-5.2696463901148388e+02|3.4500268872349147e+03,-3.7802332697240263e+02|-3.4624196546525286e+02|3.4719431964705641e+03,-2.1324119859302863e+02|-3.2733223070436890e+02|3.5703583645814583e+03,-4.7199994139939875e+01|-3.1282145362068781e+02|3.6645119368236756e+03,-5.9504948988217770e+01|-1.2748517346469374e+02|3.6813862131158353e+03,-2.2902919687309958e+02|-1.4004115693432442e+02|3.5887152242499078e+03,-3.9447120129857586e+02|-1.5331373140085989e+02|3.4929757765464356e+03,
29,-3.4831646921120011e+01|-4.9769774292739004e+02|3.6479465173357785e+03,-2.0040035234223348e+02|-5.1471301170274523e+02|3.5517953169701250e+03,-4.0865738967040454e+02|-4.4880762474394430e+02|3.4767678503080506e+03,-3.7809727493920514e+02|-3.4657684010758913e+02|3.4723829805696478e+03,-2.1344936316060137e+02|-3.2775737121389432e+02|3.5711961568601068e+03,-4.7428377909493008e+01|-3.1328982186282855e+02|3.6653565512686209e+03,-6.0064649044579213e+01|-1.2810614974944417e+02|3.6827737295722727e+03,-2.2942495767181504e+02|-1.4047063661570942e+02|3.5896111602594196e+03,-3.9495934646836633e+02|-1.5367749505787194e+02|3.4943196737620319e+03,
30,-3.5015189657513588e+01|-4.9815938909493337e+02|3.6486946180308537e+03,-2.0063153022595560e+02|-5.1500425837722469e+02|3.5523540141008675e+03,-4.2520288452853589e+02|-4.1912189303954199e+02|3.4873890696579019e+03,-3.7845261109577024e+02|-3.4692547989951942e+02|3.4731446301154633e+03,-2.1400624821431600e+02|-3.2810145163434896e+02|3.5722137277387660e+03,-4.7845253121029820e+01|-3.1370593790977091e+02|3.6663537383558323e+03,-6.0590154825295393e+01|-1.2852592253758354e+02|3.6839175351542640e+03,-2.3001376182269792e+02|-1.4080359284648227e+02|3.5910698462667465e+03,-3.9533414341581476e+02|-1.5402495858140267e+02|3.4952389636366006e+03,
31,-3.5516356619152006e+01|-4.9838749439286704e+02|3.6496804333903046e+03,-2.0075207841684167e+02|-5.1523917738686055e+02|3.5530461610205480e+03,-4.3154772468411244e+02|-4.0781150848401637e+02|3.4916534174194458e+03,-3.7881524604252070e+02|-3.4729427930024167e+02|3.4741202179573543e+03,-2.1443350868278139e+02|-3.2825872886384042e+02|3.5732796056128082e+03,-4.8391268493007807e+01|-3.1399844670176930e+02|3.6676105389570225e+03,-6.1387591597709331e+01|-1.2878801054044749e+02|3.6855149719999076e+03,-2.3066617786051594e+02|-1.4109605127223858e+02|3.5922292142982965e+03,-3.9568936266939727e+02|-1.5440536275094814e+02|3.4963492094426970e+03,
32,-3.5704894714042844e+01|-4.9866288705178567e+02|3.6505899201347579e+03,-2.0080854326690238e+02|-5.1556894616862883e+02|3.5536947841967717e+03,-4.3402932256456785e+02|-4.0370935596901654e+02|3.4938418052548077e+03,-3.7910551162092065e+02|-3.4762287895964704e+02|3.4752266517653693e+03,-2.1473113603732779e+02|-3.2866513581738985e+02|3.5744666035777800e+03,-4.8951404078374047e+01|-3.1425549091382663e+02|3.6687539378712613e+03,-6.2389764624512729e+01|-1.2914037542153628e+02|3.6870470532586774e+03,-2.3140342295093149e+02|-1.4153744134368023e+02|3.5937306646259408e+03,-3.9638770725595003e+02|-1.5486896384008870e+02|3.4978686748024852e+03,
33,-3.5692137308025352e+01|-4.9907629396283562e+02|3.6511416775220205e+03,-2.0085902648887182e+02|-5.1611959902552644e+02|3.5543823425094915e+03,-4.3500476727412348e+02|-4.0236995825541015e+02|3.4950029752172759e+03,-3.7931368400587928e+02|-3.4813391268477721e+02|3.4761097183689972e+03,-2.1526792447593672e+02|-3.2923896863993087e+02|3.5756541942755948e+03,-4.9433747454379500e+01|-3.1470150179538956e+02|3.6699707290001566e+03,-6.3134952545449238e+01|-1.2976870772652029e+02|3.6887595464008928e+03,-2.3220971609672480e+02|-1.4215857600009105e+02|3.5954147376665705e+03,-3.9697758597413036e+02|-1.5548463293387607e+02|3.4994361600002176e+03,
34,-3.5704306495252801e+01|-4.9976222997641167e+02|3.6516261129510444e+03,-2.0090943699049245e+02|-5.1669351652621401e+02|3.5548207102395281e+03,-4.3542089185844435e+02|-4.0210150484337009e+02|3.4959050872145003e+03,-3.7953489265298987e+02|-3.4880955649854525e+02|3.4771421923425132e+03,-2.1554212275365327e+02|-3.2991768174028800e+02|3.5769107433586714e+03,-4.9725870332602639e+01|-3.1537032333227501e+02|3.6711258650957498e+03,-6.3712636723200269e+01|-1.3046822665846466e+02|3.6904620456215639e+03,-2.3274448849477537e+02|-1.4286716859178284e+02|3.5971294806525016e+03,-3.9772448006437673e+02|-1.5628351108149769e+02|3.5013678484764332e+03,
35,-3.5557532560019098e+01|-5.0041500227360871e+02|3.6519705029412362e+03,-2.0069760629245374e+02|-5.1727778853091968e+02|3.5551559460107642e+03,-4.3559616536743033e+02|-4.0215330663725075e+02|3.4964525501414687e+03,-3.8002555682552077e+02|-3.4951719080846993e+02|3.4787042141744232e+03,-2.1577242334915988e+02|-3.3067919593999306e+02|3.5780107122155864e+03,-4.9855732040639964e+01|-3.1620303544348042e+02|3.6719944896650209e+03,-6.4142246070696231e+01|-1.3135683146157271e+02|3.6920096598727096e+03,-2.3327127869434574e+02|-1.4378584817801004e+02|3.5988545420976848e+03,-3.9828183110603135e+02|-1.5712675013756825e+02|3.5031038526063121e+03,
36,-3.5305956149713751e+01|-5.0120144631893885e+02|3.6523628456946994e+03,-2.0059317046981741e+02|-5.1814646696782972e+02|3.5558798235128857e+03,-4.3571782230309896e+02|-4.0249000644722963e+02|3.4972431484544959e+03,-3.8025591982703111e+02|-3.5027921147043099e+02|3.4800023578492123e+03,-2.1588182003102835e+02|-3.3150535906020735e+02|3.5789684870942501e+03,-4.9991137153424994e+01|-3.1709588671801464e+02|3.6730117297308852e+03,-6.4609396412261631e+01|-1.3225958446205027e+02|3.6937448245841169e+03,-2.3381872975440649e+02|-1.4467033875131443e+02|3.6008870580702228e+03,-3.9873539750359430e+02|-1.5783233562463047e+02|3.5049764459903399e+03,
37,-3.5131664958585525e+01|-5.0199355707835036e+02|3.6529086541737283e+03,-2.0051703937340594e+02|-5.1874529721273575e+02|3.5565437007270539e+03,-4.3584499406069455e+02|-4.0284643582434597e+02|3.4982887469361276e+03,-3.8047326432600693e+02|-3.5096378870714125e+02|3.4814088607024692e+03,-2.1605331924823525e+02|-3.3228381683530296e+02|3.5803012442103673e+03,-5.0019180113229382e+01|-3.1790483944281254e+02|3.6742671153842844e+03,-6.5154399754974122e+01|-1.3326551437235716e+02|3.6956907128221674e+03,-2.3426534038976644e+02|-1.4557847252282806e+02|3.6028847498304572e+03,-3.9909679576630629e+02|-1.5875214666384522e+02|3.5069467211664410e+03,
38,-3.5048165731524932e+01|-5.0270486166418374e+02|3.6537592736847146e+03,-2.0025957098033967e+02|-5.1946264933344673e+02|3.5571123059365614e+03,-4.3594793363510604e+02|-4.0324624587923404e+02|3.4992417893329748e+03,-3.8060132733378481e+02|-3.5171802939984968e+02|3.4826660046932934e+03,-2.1608573209510445e+02|-3.3293365577272192e+02|3.5813875247631854e+03,-5.0119001025355644e+01|-3.1868967072368287e+02|3.6754995497007867e+03,-6.5685487150962047e+01|-1.3423643225112667e+02|3.6975423282604806e+03,-2.3463718405369113e+02|-1.4645969446138096e+02|3.6047694994147037e+03,-3.9961621780358121e+02|-1.5964919261851543e+02|3.5089588490264314e+03,
39,-3.5050753963576895e+01|-5.0328773652140501e+02|3.6548263968182418e+03,-2.0020639342248839e+02|-5.2008853048275978e+02|3.5580057788381228e+03,-4.3603033478135421e+02|-4.0361222720876549e+02|3.5000469854394055e+03,-3.8066319401942559e+02|-3.5225380889313368e+02|3.4837373792710860e+03,-2.1627371269772837e+02|-3.3363207627189138e+02|3.5827061507490444e+03,-5.0626957296260187e+01|-3.1940553334795015e+02|3.6771564315838732e+03,-6.6223358470547637e+01|-1.3501528994740522e+02|3.6992495164261741e+03,-2.3515315731203123e+02|-1.4712574521272029e+02|3.6065275499755953e+03,-4.0017955262880929e+02|-1.6022935986344157e+02|3.5106426474972354e+03,
40,-3.5554388930522784e+01|-5.0373963287867133e+02|3.6559001221013154e+03,-2.0054410044007247e+02|-5.2042706317100749e+02|3.5587389810262166e+03,-4.3609304403325717e+02|-4.0378362064726275e+02|3.5006167182518257e+03,-3.8086678684486719e+02|-3.5265856537023768e+02|3.4845796161432049e+03,-2.1682572466463699e+02|-3.3417563669273375e+02|3.5841244861706709e+03,-5.1084535248672914e+01|-3.1996597635337514e+02|3.6783847411253951e+03,-6.7095237835244546e+01|-1.3564008047932219e+02|3.7013260246005898e+03,-2.3571959860846459e+02|-1.4775121118014167e+02|3.6079298962374355e+03,-4.0060858691826064e+02|-1.6073648086367368e+02|3.5121785740463415e+03,
41,-3.5908807163208358e+01|-5.0421376761235342e+02|3.6569746082034753e+03,-2.0074813422509342e+02|-5.2081373063049489e+02|3.5596539986276111e+03,-4.3614568298220166e+02|-4.0398523996806824e+02|3.5011259574936598e+03,-3.8111033544162223e+02|-3.5309436304811209e+02|3.4856633139381202e+03,-2.1719746029192609e+02|-3.3464712985094206e+02|3.5851088629040751e+03,-5.1877965907528619e+01|-3.2054694093540388e+02|3.6799740404560907e+03,-6.8028529908100836e+01|-1.3629644716021716e+02|3.7033653114790786e+03,-2.3660220624021318e+02|-1.4832766423405087e+02|3.6096940326802492e+03,-4.0121521206558413e+02|-1.6139285525507592e+02|3.5134921160498939e+03,
42,-3.6338110009280363e+01|-5.0480838649275336e+02|3.6579279774421311e+03,-2.0099486384561084e+02|-5.2140071814430530e+02|3.5603364949734223e+03,-4.3621147559880762e+02|-4.0426178454109561e+02|3.5017757158711365e+03,-3.8164681341930697e+02|-3.5375349301344954e+02|3.4870956723574773e+03,-2.1787782715370014e+02|-3.3526483293731343e+02|3.5867114106441741e+03,-5.2738927852446295e+01|-3.2132856644908475e+02|3.6817519619681116e+03,-6.9030175420150016e+01|-1.3719247760616935e+02|3.7053948222499857e+03,-2.3755870277254152e+02|-1.4918392542594506e+02|3.6116716937530150e+03,-4.0185726077325779e+02|-1.6211131566063460e+02|3.5154307011245637e+03,
43,-3.6589106847311683e+01|-5.0567700543577320e+02|3.6589764750739300e+03,-2.0117208126385884e+02|-5.2205076753225023e+02|3.5612755203222241e+03,-4.3630844496193328e+02|-4.0469790969909525e+02|3.5027466589351538e+03,-3.8209329488527703e+02|-3.5451701669143330e+02|3.4884984279115024e+03,-2.1840290990884779e+02|-3.3618652426320489e+02|3.5883081771007592e+03,-5.3196886778674738e+01|-3.2215855286656716e+02|3.6833744735298537e+03,-6.9866412981995154e+01|-1.3824982550652066e+02|3.7074709260406453e+03,-2.3816715351884525e+02|-1.5021544953928645e+02|3.6137609619264440e+03,-4.0255787264633659e+02|-1.6296109485780278e+02|3.5173107150799506e+03,
44,-3.6663560351152086e+01|-5.0645962018645491e+02|3.6598100472865017e+03,-2.0115939608278069e+02|-5.2293937019298892e+02|3.5623223195360047e+03,-4.3638942935098987e+02|-4.0520390752795100e+02|3.5036251545663717e+03,-3.8245172808366954e+02|-3.5534656699762468e+02|3.4900467184164895e+03,-2.1869973180130492e+02|-3.3719245897576161e+02|3.5897152147168990e+03,-5.3417392662265947e+01|-3.2303326022466098e+02|3.6847650572477928e+03,-7.0403767118050467e+01|-1.3926983392986276e+02|3.7093685834804073e+03,-2.3891411627427334e+02|-1.5112888539380768e+02|3.6159240365289584e+03,-4.0312910667981566e+02|-1.6391367962584317e+02|3.5192574174475849e+03,
45,-3.6605377561316061e+01|-5.0741519795921386e+02|3.6604838858158478e+03,-2.0105410947618091e+02|-5.2380899109931693e+02|3.5628038219018122e+03,-4.3646320043185193e+02|-4.0560742282743269e+02|3.5043986541062754e+03,-3.8258412594491034e+02|-3.5625664933045289e+02|3.4912991832239254e+03,-2.1883979309556639e+02|-3.3804144862949090e+02|3.5909164262355434e+03,-5.3632935272403081e+01|-3.2410423317253554e+02|3.6860582711011348e+03,-7.1042224402922443e+01|-1.4038238791911732e+02|3.7112907615090494e+03,-2.3944157055279047e+02|-1.5225435254205013e+02|3.6177016533289961e+03,-4.0363256993559486e+02|-1.6492545403386734e+02|3.5215096714623901e+03,
46,-3.6349282983773087e+01|-5.0831969145825360e+02|3.6607590125021925e+03,-2.0102565986777847e+02|-5.2469293266465991e+02|3.5636181961998805e+03,-4.3654291257354259e+02|-4.0611874400401143e+02|3.5052697228521492e+03,-3.8270143014837493e+02|-3.5721010687481771e+02|3.4923586526449149e+03,-2.1895420247697953e+02|-3.3901406878134748e+02|3.5921734599625352e+03,-5.3950933664609735e+01|-3.2516618825403020e+02|3.6871006786035573e+03,-7.1586859751653350e+01|-1.4164912447148990e+02|3.7130390145807132e+03,-2.3975666692606396e+02|-1.5330435341166262e+02|3.6194508024044617e+03,-4.0425965945727796e+02|-1.6590012955219819e+02|3.5234578893674961e+03,
47,-3.6593288353301809e+01|-5.0913856873856474e+02|3.6617463338930302e+03,-2.0094491937138531e+02|-5.2544428337300724e+02|3.5639953430087639e+03,-4.3658260170500660e+02|-4.0639335767387217e+02|3.5057144279600980e+03,-3.8294019502769532e+02|-3.5796302457886827e+02|3.4935111207699260e+03,-2.1940056882510606e+02|-3.3991961223596331e+02|3.5933892299764407e+03,-5.4405341865947790e+01|-3.2621239844041474e+02|3.6884778111534674e+03,-7.2145405097994697e+01|-1.4273147267616585e+02|3.7147169464220387e+03,-2.4030477760678065e+02|-1.5429825885136435e+02|3.6211789625412603e+03,-4.0468360059883338e+02|-1.6688637931632746e+02|3.5250405659555545e+03,
48,-3.6910429809269722e+01|-5.1001295333796605e+02|3.6624400247777348e+03,-2.0114346172519296e+02|-5.2605130670903407e+02|3.5646795415040447e+03,-4.3660819001830322e+02|-4.0663700573202243e+02|3.5060336211994299e+03,-3.8322905500257821e+02|-3.5860953208235537e+02|3.4947308130569049e+03,-2.1984130682371523e+02|-3.4068601147239849e+02|3.5946684312234001e+03,-5.4851992657357577e+01|-3.2708360396267005e+02|3.6894504175053521e+03,-7.2917983996494101e+01|-1.4383512312892881e+02|3.7165111119341773e+03,-2.4095494573575741e+02|-1.5533571025838251e+02|3.6228678548212497e+03,-4.0518173358982699e+02|-1.6763904479590136e+02|3.5264329848759053e+03,
49,-3.7048303141420313e+01|-5.1068870087729812e+02|3.6632129796790291e+03,-2.0128290047388728e+02|-5.2676363913649118e+02|3.5653575304433393e+03,-4.3666931511542236e+02|-4.0698647493502710e+02|3.5066822219384444e+03,-3.8366724006775576e+02|-3.5931502157908346e+02|3.4956822545672439e+03,-2.2015445717773017e+02|-3.4153267719692110e+02|3.5957365300235497e+03,-5.5159284491488926e+01|-3.2796203443085858e+02|3.6905773219713460e+03,-7.3706331517046749e+01|-1.4475927029620397e+02|3.7183018938178020e+03,-2.4159678330396139e+02|-1.5620119366324209e+02|3.6245282036985336e+03,-4.0586961656521680e+02|-1.6851634399611126e+02|3.5283803712041918e+03,
50,-3.7134338876761362e+01|-5.1140971106627876e+02|3.6636990747494156e+03,-2.0135339043825829e+02|-5.2723078195788923e+02|3.5659346753523855e+03,-4.3673628416056619e+02|-4.0732234141498049e+02|3.5073704179979054e+03,-3.8389246771876259e+02|-3.5995076521252093e+02|3.4967626563502222e+03,-2.2051242852532079e+02|-3.4208534692208883e+02|3.5967598940593034e+03,-5.5497208295525333e+01|-3.2865368201214000e+02|3.6919052835438438e+03,-7.4171713351487028e+01|-1.4553006572604079e+02|3.7200343179814759e+03,-2.4210808703621018e+02|-1.5700647487332859e+02|3.6262855241716666e+03,-4.0632274371669996e+02|-1.6909904013776287e+02|3.5297637427710033e+03,
51,-3.7210177763644332e+01|-5.1188438320011869e+02|3.6642676226598333e+03,-2.0153038805476206e+02|-5.2781180958993627e+02|3.5666366399718509e+03,-4.3681249304233620e+02|-4.0753721057435195e+02|3.5080744493254701e+03,-3.8418746868734894e+02|-3.6047020922733793e+02|3.4979632070109274e+03,-2.2077236124822565e+02|-3.4278170109818103e+02|3.5979549734315133e+03,-5.5733002778963716e+01|-3.2929583796042988e+02|3.6927343973840389e+03,-7.4458474107780660e+01|-1.4632901811411392e+02|3.7211314042464514e+03,-2.4249838170854491e+02|-1.5758249668964049e+02|3.6276291887026132e+03,-4.0667175642562592e+02|-1.6973041940416687e+02|3.5312444809492999e+03,
52,-3.7330364690554475e+01|-5.1241943812740521e+02|3.6647901885566307e+03,-2.0186126216313218e+02|-5.2825442000054545e+02|3.5671893573159241e+03,-4.3683984560380162e+02|-4.0769198742413374e+02|3.5083657830770017e+03,-3.8446710551504793e+02|-3.6077983490196357e+02|3.4987593815050991e+03,-2.2101792454184329e+02|-3.4333902047956019e+02|3.5987007977322528e+03,-5.6191109804475140e+01|-3.3000323317799649e+02|3.6938839640546857e+03,-7.5119153413908094e+01|-1.4712535319934383e+02|3.7226210409744799e+03,-2.4307386676003560e+02|-1.5833855917067265e+02|3.6290934632668796e+03,-4.0739152606128516e+02|-1.7026671933007268e+02|3.5327366262895848e+03,
53,-3.7641739849422599e+01|-5.1295984867337290e+02|3.6653100705803313e+03,-2.0198859444064303e+02|-5.2854622567501553e+02|3.5675268220223015e+03,-4.3687801160440222e+02|-4.0777106286554084e+02|3.5087066526498047e+03,-3.8470299314519508e+02|-3.6119260146429718e+02|3.4995702449124801e+03,-2.2164561998394419e+02|-3.4375091122468496e+02|3.5998530224654255e+03,-5.6671039486282147e+01|-3.3056156056395878e+02|3.6948304389012051e+03,-7.5559553423434920e+01|-1.4781407661718396e+02|3.7237819343650294e+03,-2.4367829942888906e+02|-1.5889842417395076e+02|3.6304450317147994e+03,-4.0785682762850320e+02|-1.7076277597921802e+02|3.5342505816783732e+03,
54,-3.8114964271154868e+01|-5.1342226305756208e+02|3.6659618021877850e+03,-2.0220003174342145e+02|-5.2886214700789583e+02|3.5677580368226513e+03,-4.3691379100394374e+02|-4.0791789667958665e+02|3.5090606443695010e+03,-3.8522955868808117e+02|-3.6164294129353272e+02|3.5005817435067074e+03,-2.2199167413886002e+02|-3.4421688475661102e+02|3.6005539143371502e+03,-5.7222898130424838e+01|-3.3120649763934478e+02|3.6959767178463667e+03,-7.6187296175269552e+01|-1.4843007685179634e+02|3.7251084632041493e+03,-2.4434489250369330e+02|-1.5954290970020006e+02|3.6320467686887505e+03,-4.0825319789524070e+02|-1.7124708577418343e+02|3.5355840950915485e+03,
55,-3.8308095741114663e+01|-5.1386038517350494e+02|3.6663541018131273e+03,-2.0238678322561577e+02|-5.2933916234219294e+02|3.5686132275794544e+03,-4.3698142201403385e+02|-4.0819132422824811e+02|3.5097248742226029e+03,-3.8575743700025066e+02|-3.6206303204518446e+02|3.5018809914760741e+03,-2.2232568791743199e+02|-3.4482200412406257e+02|3.6016574534669003e+03,-5.7634381602115354e+01|-3.3177787716190988e+02|3.6968388268746489e+03,-7.6717243154639348e+01|-1.4917675892389599e+02|3.7267109183531129e+03,-2.4480844979519711e+02|-1.6006265952892213e+02|3.6332837233750347e+03,-4.0892814915826284e+02|-1.7179096430340795e+02|3.5367256278665709e+03,
56,-3.8386979418245268e+01|-5.1452735164411843e+02|3.6670811379898605e+03,-2.0255233628125899e+02|-5.2981002518251478e+02|3.5692742408909908e+03,-4.3702407939983084e+02|-4.0834986887988214e+02|3.5101385765188024e+03,-3.8597942325483649e+02|-3.6251048951216615e+02|3.5026060150745875e+03,-2.2262209533481928e+02|-3.4526205300664571e+02|3.6026017094457734e+03,-5.7891790488841409e+01|-3.3235702598785161e+02|3.6979046760507595e+03,-7.7371182583712013e+01|-1.4991223840489076e+02|3.7283023428680294e+03,-2.4535148375512057e+02|-1.6060808851560586e+02|3.6345936409625247e+03,-4.0933839914403677e+02|-1.7237405265949775e+02|3.5382340923225875e+03,
57,-3.8416184467716512e+01|-5.1485223502082954e+02|3.6675546243823292e+03,-2.0266725263404552e+02|-5.3028566849693846e+02|3.5700688069898611e+03,-4.3711164076265214e+02|-4.0852070792842488e+02|3.5109115403519836e+03,-3.8614923407490653e+02|-3.6281067146649104e+02|3.5035953554145972e+03,-2.2301605428431702e+02|-3.4580272871506077e+02|3.6037309861618678e+03,-5.8230050720573047e+01|-3.3287947994591804e+02|3.6987453273900310e+03,-7.7753903485886482e+01|-1.5065505646024403e+02|3.7296052354086382e+03,-2.4582724538040247e+02|-1.6133206699149900e+02|3.6361136948291364e+03,-4.0953523633759920e+02|-1.7296078834983837e+02|3.5393610102122129e+03,
58,-3.8791759738364775e+01|-5.1534588866773834e+02|3.6683800851210981e+03,-2.0313484812939760e+02|-5.3079843700631307e+02|3.5708053164119910e+03,-4.3715583013203718e+02|-4.0861795249128511e+02|3.5113085629855314e+03,-3.8652135895562463e+02|-3.6327261551995076e+02|3.5043362901609162e+03,-2.2335560625114798e+02|-3.4627558057547611e+02|3.6046719635598847e+03,-5.8523300656616385e+01|-3.3341038091625171e+02|3.6998608966527304e+03,-7.8329040086926113e+01|-1.5122965372643145e+02|3.7309782478378384e+03,-2.4624615035274081e+02|-1.6181800550652250e+02|3.6371552408435186e+03,-4.0983384305238587e+02|-1.7338780642745314e+02|3.5406805798460596e+03,
59,-3.9195061257728007e+01|-5.1566220451359879e+02|3.6691728433568005e+03,-2.0337652476428562e+02|-5.3106803885831698e+02|3.5711358202930155e+03,-4.3718752310676336e+02|-4.0868932748690509e+02|3.5115950982902273e+03,-3.8691339466040142e+02|-3.6351874427787493e+02|3.5053609674204745e+03,-2.2364574225507343e+02|-3.4662039508375341e+02|3.6056369568758564e+03,-5.8969383289703764e+01|-3.3383609557295762e+02|3.7006725200746323e+03,-7.8969689358370985e+01|-1.5170716646039867e+02|3.7322731939201954e+03,-2.4683455883336262e+02|-1.6224452390127686e+02|3.6383054739991894e+03,-4.1046767218680191e+02|-1.7378133556447801e+02|3.5417655054625993e+03,
60,-3.9779248792585648e+01|-5.1591933612427215e+02|3.6700237281443665e+03,-2.0361980618414776e+02|-5.3115306059720456e+02|3.5716839561552297e+03,-4.3724032826295354e+02|-4.0874711021052639e+02|3.5120414497206802e+03,-3.8731386857904261e+02|-3.6375872801233322e+02|3.5061977994410172e+03,-2.2435654249452122e+02|-3.4684629250004463e+02|3.6064684872188595e+03,-5.9615582818676096e+01|-3.3429850060078525e+02|3.7016439672700471e+03,-7.9744178787883115e+01|-1.5218743293961811e+02|3.7336779589434668e+03,-2.4736750068546738e+02|-1.6272976133082642e+02|3.6397931296408665e+03,-4.1101680800000679e+02|-1.7403484532154428e+02|3.5431659887973797e+03,
61,-4.0119959294677592e+01|-5.1598978820642640e+02|3.6705555618146382e+03,-2.0425614546509510e+02|-5.3128848536411635e+02|3.5727467828847912e+03,-4.3728451126053898e+02|-4.0874799884876262e+02|3.5123931980165826e+03,-3.8761194257734132e+02|-3.6388453326601996e+02|3.5071430903099686e+03,-2.2466962594565888e+02|-3.4702305349682450e+02|3.6074880095867697e+03,-6.0204408437707201e+01|-3.3459509166256657e+02|3.7028644734585428e+03,-8.0303833516815573e+01|-1.5254284197131781e+02|3.7351029467552530e+03,-2.4805851433976326e+02|-1.6297568120184468e+02|3.6411088947377807e+03,-4.1165527689408879e+02|-1.7420725387004850e+02|3.5444002438847051e+03,
62,-4.0785925148215114e+01|-5.1623584680730175e+02|3.6712892100181671e+03,-2.0455088072526416e+02|-5.3134955435597522e+02|3.5732124784199136e+03,-4.3732545559369197e+02|-4.0875373268228327e+02|3.5127217546592938e+03,-3.8817287361257337e+02|-3.6391759656469276e+02|3.5079854844090905e+03,-2.2552750144739571e+02|-3.4718360163018360e+02|3.6086600838863947e+03,-6.0824576381286150e+01|-3.3489638443910508e+02|3.7038683819703497e+03,-8.1079943855561368e+01|-1.5284386194388824e+02|3.7363009929763816e+03,-2.4862155896862907e+02|-1.6320889907097563e+02|3.6424098494972941e+03,-4.1224545049086652e+02|-1.7444320199976499e+02|3.5455660896345676e+03,
63,-4.1205617806726934e+01|-5.1637098950048551e+02|3.6719659415938058e+03,-2.0509133700699994e+02|-5.3126130445210958e+02|3.5738226357181379e+03,-4.3734525080827825e+02|-4.0872991693447597e+02|3.5128699685162196e+03,-3.8859763154917965e+02|-3.6396456228097583e+02|3.5084544478700623e+03,-2.2586122030598074e+02|-3.4723358949618807e+02|3.6091806447616482e+03,-6.1734258104572248e+01|-3.3509193664244981e+02|3.7048537806006580e+03,-8.2067872202730030e+01|-1.5312546818652402e+02|3.7375729121562122e+03,-2.4936548307290442e+02|-1.6340427667332270e+02|3.6433709156768446e+03,-4.1296651054905840e+02|-1.7464294147691052e+02|3.5465673345876321e+03,
64,-4.1972309030204457e+01|-5.1639263275779683e+02|3.6724360628030540e+03,-2.0570827124347710e+02|-5.3125873992590618e+02|3.5743430743681874e+03,-4.3735243752261835e+02|-4.0872142441252009e+02|3.5129261832326738e+03,-3.8927251391058707e+02|-3.6405789379658853e+02|3.5089920751015043e+03,-2.2671516517002033e+02|-3.4734275032918225e+02|3.6099840541599970e+03,-6.2710139965035843e+01|-3.3528774823761700e+02|3.7057662244862186e+03,-8.3139231231335543e+01|-1.5351219321064718e+02|3.7385480548315350e+03,-2.5037590139239092e+02|-1.6368705163160234e+02|3.6444022433584228e+03,-4.1393802661526780e+02|-1.7483268952625428e+02|3.5475842670739939e+03,
65,-4.2976367174898684e+01|-5.1642716014221833e+02|3.6732465696386234e+03,-2.0645354284808676e+02|-5.3136946355565567e+02|3.5748139829313604e+03,-4.3732722957904281e+02|-4.0865335202150283e+02|3.5126994196378073e+03,-3.9026973309235217e+02|-3.6423546049438005e+02|3.5097159605018546e+03,-2.2776287515699511e+02|-3.4749774357613302e+02|3.6108480359783748e+03,-6.3934356927844874e+01|-3.3537885706323817e+02|3.7066863989887433e+03,-8.4737172765663743e+01|-1.5377561465872895e+02|3.7398417430779546e+03,-2.5168253184462486e+02|-1.6402418509939386e+02|3.6454709272173122e+03,-4.1509844187482474e+02|-1.7505090760779436e+02|3.5483689984684961e+03,
66,-4.4067033968341221e+01|-5.1651303122219304e+02|3.6741094897609628e+03,-2.0744560461683963e+02|-5.3152362377444308e+02|3.5754892836130739e+03,-4.3729840156121958e+02|-4.0854896259291871e+02|3.5124270910525001e+03,-3.9137457657185860e+02|-3.6441329944519862e+02|3.5104989625930834e+03,-2.2893660514367571e+02|-3.4780829342458043e+02|3.6116669745431136e+03,-6.5117249686075411e+01|-3.3553102473843649e+02|3.7076470855122579e+03,-8.6448331584659883e+01|-1.5408317785177312e+02|3.7412850603325164e+03,-2.5344335653648560e+02|-1.6441516278310183e+02|3.6467992440467510e+03,-4.1657536558335357e+02|-1.7549828386094819e+02|3.5494359636956469e+03,
67,-4.5212272337602975e+01|-5.1651656833384186e+02|3.6749476448545552e+03,-2.0845221485073199e+02|-5.3152933648326109e+02|3.5759544470917194e+03,-4.3728673836077849e+02|-4.0857829860873568e+02|3.5123528225161804e+03,-3.9260486125989053e+02|-3.6469317724301249e+02|3.5113453414363921e+03,-2.3047748374778331e+02|-3.4807656093295310e+02|3.6128224974098575e+03,-6.6827150311831403e+01|-3.3576985456266806e+02|3.7090426251129397e+03,-8.8388956970877217e+01|-1.5446020217894940e+02|3.7427720247862671e+03,-2.5502792365339005e+02|-1.6475664563472239e+02|3.6479753399178076e+03,-4.1794460229643397e+02|-1.7590103830158023e+02|3.5505358078393861e+03,
68,-4.6353293969292324e+01|-5.1667166674659552e+02|3.6758637394779889e+03,-2.0940943544384788e+02|-5.3173230578836512e+02|3.5765724433986707e+03,-4.3726467612161582e+02|-4.0859730977603789e+02|3.5121918670485793e+03,-3.9386233952009508e+02|-3.6517576255349593e+02|3.5123222397767836e+03,-2.2205814411522837e+02|-2.3995527687387275e+02|3.3496545607527796e+03,-6.8260346215382057e+01|-3.3602936003498445e+02|3.7101895776392721e+03,-9.0266706702759819e+01|-1.5488123121017037e+02|3.7444311888873594e+03,-2.5695483133682808e+02|-1.6524857747021861e+02|3.6494790083792827e+03,-4.1966998423071198e+02|-1.7654354901686125e+02|3.5519567341720367e+03,
69,-4.7442744338671893e+01|-5.1685508198163529e+02|3.6766024976293361e+03,-2.1041550554191585e+02|-5.3193112491719319e+02|3.5770356892729833e+03,-4.3725737287341843e+02|-4.0865526186058315e+02|3.5121654066967048e+03,-3.9507426220649205e+02|-3.6569030273196756e+02|3.5130488327634430e+03,-2.1955916851511543e+02|-1.9880640761549813e+02|3.2506590433435863e+03,-6.9602900935472093e+01|-3.3627416395373274e+02|3.7112784656563954e+03,-9.2061291548536900e+01|-1.5541934894551775e+02|3.7459535692586878e+03,-2.5860403654713048e+02|-1.6593835305664746e+02|3.6509037886395522e+03,-4.2131267569369015e+02|-1.7736077230947049e+02|3.5533388995910705e+03,
70,-4.8504997650448345e+01|-5.1711236015170243e+02|3.6772326621865482e+03,-2.1628557835400244e+02|-4.7829433810906272e+02|3.5958216660798680e+03,-4.3724653497697136e+02|-4.0880026001719301e+02|3.5121520673802124e+03,-3.9640480054374063e+02|-3.6641751340495762e+02|3.5140357738423950e+03,-2.1932207668733659e+02|-1.8324546483668519e+02|3.2122418105311931e+03,-7.0986768288244178e+01|-3.3673241697432013e+02|3.7125149043294737e+03,-9.4023009071944415e+01|-1.5612147806515910e+02|3.7475727099741252e+03,-2.6045470791261164e+02|-1.6662704726663830e+02|3.6524809672886363e+03,-4.2309787125395229e+02|-1.7813681715567847e+02|3.5548707816705628e+03,
71,-4.9232826125896359e+01|-5.1732603888462529e+02|3.6775804018216500e+03,-2.1403958021412117e+02|-5.1210179280936677e+02|3.5851475077986934e+03,-4.3722430867437538e+02|-4.0896481500159285e+02|3.5120582487020283e+03,-3.9744670585579911e+02|-3.6701723929911822e+02|3.5150948128052305e+03,-2.1988713706522356e+02|-1.7756816262432537e+02|3.1990648252597612e+03,-7.2237057564438246e+01|-3.3713843054348536e+02|3.7134063103018857e+03,-9.5788825371271258e+01|-1.5683639440295781e+02|3.7491493064612423e+03,-2.6210342109655750e+02|-1.6747976459369045e+02|3.6541349772852395e+03,-4.2472254857996012e+02|-1.7900159950085572e+02|3.5565340823158367e+03,
72,-4.9966745546275455e+01|-5.1755982029266022e+02|3.6780900313282009e+03,-2.1357478909853165e+02|-5.2516495450125956e+02|3.5813723701084750e+03,-4.3721104683265310e+02|-4.0909251002330410e+02|3.5120176548972822e+03,-3.9859512845634595e+02|-3.6760773340582898e+02|3.5163653293841171e+03,-2.2074709455028074e+02|-1.7555718203064785e+02|3.1944515506639100e+03,-7.3568688501811323e+01|-3.3761942321174905e+02|3.7145911829292922e+03,-9.7489040329358957e+01|-1.5745959179988736e+02|3.7507158954419838e+03,-2.6355491512046359e+02|-1.6817993032731962e+02|3.6556826178688862e+03,-4.2623606418717122e+02|-1.7986160270559949e+02|3.5580256756999352e+03,
73,-5.0744170645763113e+01|-5.1774505238860831e+02|3.6787154764692232e+03,-2.1376885075220537e+02|-5.3028393861190148e+02|3.5802158568634818e+03,-4.3720559188387506e+02|-4.0914191342353490e+02|3.5120017411951394e+03,-3.9963336559837745e+02|-3.6811110183191551e+02|3.5172493917185898e+03,-2.2151516895228855e+02|-1.7540326269319036e+02|3.1931812493834263e+03,-7.4539446218386317e+01|-3.3811113068954512e+02|3.7154804503424275e+03,-9.8956540399338451e+01|-1.5819110949312011e+02|3.7522445233496856e+03,-2.6517200259347061e+02|-1.6893130325849640e+02|3.6572183963436296e+03,-4.2759779914303385e+02|-1.8044723388643632e+02|3.5594443530570611e+03,
74,-5.1306937257508793e+01|-5.1788998924777297e+02|3.6792886624422745e+03,-2.1417329247682051e+02|-5.3232627719992763e+02|3.5800274332872259e+03,-4.3722023702267234e+02|-4.0915605158160037e+02|3.5121275072911380e+03,-4.0068885022014905e+02|-3.6854085605255085e+02|3.5181611420459276e+03,-2.2248609525909964e+02|-1.7546097250948330e+02|3.1937620431868131e+03,-7.5634146617527875e+01|-3.3836598600612871e+02|3.7164528183073203e+03,-1.0027272410665410e+02|-1.5865670840062316e+02|3.7537396200043959e+03,-2.6659905044547401e+02|-1.6934633314731934e+02|3.6584935971126829e+03,-4.2895447075706653e+02|-1.8115250203984414e+02|3.5608873926503002e+03,
75,-5.2032446572636616e+01|-5.1785664588086490e+02|3.6797213151868650e+03,-2.1990002468217679e+02|-4.7935228011916644e+02|3.5993714592693750e+03,-4.3722917107546982e+02|-4.0909483930393748e+02|3.5121729199891006e+03,-4.0153286470258411e+02|-3.6874143840001187e+02|3.5188382475966255e+03,-2.2348830176947317e+02|-1.7540216267184977e+02|3.1944320392419536e+03,-7.6781440874921685e+01|-3.3852319468614667e+02|3.7176051808728957e+03,-1.0171877224701299e+02|-1.5897678692094755e+02|3.7551217042579042e+03,-2.6790613284074146e+02|-1.6971346658008699e+02|3.6597776368203731e+03,-4.3012555480135842e+02|-1.8167044578790902e+02|3.5619779503372815e+03,
76,-5.2658174304067735e+01|-5.1783046513432805e+02|3.6802968137502221e+03,-2.2246125966259515e+02|-4.5910698642590734e+02|3.6070927834886820e+03,-4.3725568046688636e+02|-4.0894687478956797e+02|3.5123158883113815e+03,-4.0233232963373030e+02|-3.6893166296317213e+02|3.5194323728241834e+03,-2.2426752960352073e+02|-1.7547574313111517e+02|3.1951818488710260e+03,-7.7941339651368509e+01|-3.3869450916678539e+02|3.7187089340860366e+03,-1.0326256524107880e+02|-1.5920796574370107e+02|3.7565906142280992e+03,-2.6920982525039040e+02|-1.7004797977764875e+02|3.6611181012273637e+03,-4.3131581041159438e+02|-1.8194455357717604e+02|3.5629190290941647e+03,
77,-5.3404551371700215e+01|-5.1780344694273640e+02|3.6809584295563436e+03,-2.1888604459707071e+02|-5.0506091489810325e+02|3.5913806061587907e+03,-4.3725985776915348e+02|-4.0885597609715148e+02|3.5123098939766073e+03,-4.0328665307903555e+02|-3.6889544056936791e+02|3.5203214463569893e+03,-2.2487009514399045e+02|-1.7692929655998063e+02|3.1953606923548787e+03,-7.8984988105577742e+01|-3.3878363736704290e+02|3.7196386701128463e+03,-1.0435963874656588e+02|-1.5940748369440288e+02|3.7577274546785789e+03,-2.7039143179408887e+02|-1.7034583754564144e+02|3.6623967249414213e+03,-4.3244654620472579e+02|-1.8209655437005080e+02|3.5640678895518586e+03,
78,-5.4130779718043001e+01|-5.1790133721452810e+02|3.6815928308228354e+03,-2.1767299988826204e+02|-5.2250331429028290e+02|3.5855490771176342e+03,-4.3726624460316850e+02|-4.0874404388645632e+02|3.5123113814639837e+03,-4.0384534696237455e+02|-3.6898209300513679e+02|3.5212128706849880e+03,-2.2563656628893528e+02|-1.7627529849915874e+02|3.1962619616552611e+03,-7.9731960696961764e+01|-3.3888742125862530e+02|3.7202909044878002e+03,-1.0529603979751114e+02|-1.5966675607276699e+02|3.7586996967875848e+03,-2.7120162789325144e+02|-1.7048406517346768e+02|3.6633875961861499e+03,-4.3341617157647727e+02|-1.8219280292200199e+02|3.5653726120692618e+03,
79,-5.4641611650433447e+01|-5.1783399405192552e+02|3.6820951509597644e+03,-2.1753395464419620e+02|-5.2919618049382814e+02|3.5837244757320395e+03,-4.6350123412119535e+02|-3.7332869865474737e+02|3.6934900019493680e+03,-4.0454850865530426e+02|-3.6897067571699864e+02|3.5220783996416444e+03,-2.2600922419595454e+02|-1.7612978469226888e+02|3.1966331424339169e+03,-8.0251258446731413e+01|-3.3899198556109633e+02|3.7209026946674599e+03,-1.0578403058869752e+02|-1.5983373496326129e+02|3.7596231363108832e+03,-2.7193833312208017e+02|-1.7065398392970235e+02|3.6644998126890710e+03,-4.3403174925963049e+02|-1.8223895749290017e+02|3.5663392370929623e+03,
80,-5.4853597492898324e+01|-5.1784121656894558e+02|3.6823017136934927e+03,-2.1768340914144974e+02|-5.3175113704789226e+02|3.5832491024744922e+03,-4.7354555151391924e+02|-3.5981725120319379e+02|3.7628831756139807e+03,-4.0490526297090577e+02|-3.6898196586876810e+02|3.5225979881741418e+03,-2.2622789909875149e+02|-1.7703666409922118e+02|3.1963708585659019e+03,-8.0592563392819187e+01|-3.3907294782906058e+02|3.7214615158131278e+03,-1.0639170260959415e+02|-1.5997223868255372e+02|3.7604796116315238e+03,-2.7227713296576746e+02|-1.7068861552556072e+02|3.6650075217803974e+03,-4.3427895461009444e+02|-1.8222489290022156e+02|3.5669549453373779e+03,
81,-5.4987209783296194e+01|-5.1785149938510551e+02|3.6825360143179760e+03,-2.1776412110769544e+02|-5.3279302019462693e+02|3.5834700048132022e+03,-4.5121107484183096e+02|-3.9001080935457446e+02|3.6086971404677679e+03,-4.0505558625876836e+02|-3.6894839827052579e+02|3.5228877729912315e+03,-2.2639251865307764e+02|-1.7680567195984767e+02|3.1965376826834827e+03,-8.0733149780497541e+01|-3.3907717032808722e+02|3.7219563418001271e+03,-1.0641116382379064e+02|-1.5997648298921050e+02|3.7607523783813635e+03,-2.7242836281525894e+02|-1.7067743759244223e+02|3.6654482294774498e+03,-4.3436997299679319e+02|-1.8209646828151517e+02|3.5671858355627955e+03,
82,-5.5043150176016923e+01|-5.1775237474189646e+02|3.6830487588912761e+03,-2.1788350794735149e+02|-5.3306388671501315e+02|3.5837448964661917e+03,-4.4269817294906079e+02|-4.0146340956003280e+02|3.5499106005555918e+03,-4.0506675287224817e+02|-3.6868018188664240e+02|3.5228892641981638e+03,-2.2652649266767199e+02|-1.7609909613424699e+02|3.1966935899041650e+03,-8.0679887561248819e+01|-3.3895637080163658e+02|3.7221276183354726e+03,-1.0615045640378131e+02|-1.5970551262282879e+02|3.7605768140115483e+03,-2.7236792598256244e+02|-1.7034005594588231e+02|3.6655494416218794e+03,-4.3429371903615123e+02|-1.8181860612385691e+02|3.5672112940939169e+03,
83,-5.5066314083420345e+01|-5.1769748582043724e+02|3.6832872428177061e+03,-2.1785045400557340e+02|-5.3304383533873170e+02|3.5838970974927415e+03,-4.3946661094423786e+02|-4.0578688414788633e+02|3.5275925486648021e+03,-4.0486353767033285e+02|-3.6832203812453548e+02|3.5228408729202383e+03,-2.2625198993275743e+02|-1.7554418889062964e+02|3.1952951700362405e+03,-8.0381538846996150e+01|-3.3867940311612847e+02|3.7220037646129972e+03,-1.0582860989648202e+02|-1.5935609136258992e+02|3.7604377053766248e+03,-2.7178236977509101e+02|-1.6995994277689101e+02|3.6650886575392146e+03,-4.3389673533594794e+02|-1.8135161959326481e+02|3.5669169437349046e+03,
84,-5.4886036468908038e+01|-5.1741945962003854e+02|3.6832383594254679e+03,-2.1772442176015034e+02|-5.3272420236464814e+02|3.5838820633857285e+03,-4.3825567828911619e+02|-4.0718706408381377e+02|3.5191358846731337e+03,-4.0442187658780529e+02|-3.6768197863421057e+02|3.5225244113709441e+03,-2.2580026178878012e+02|-1.7491640736261868e+02|3.1946456748006658e+03,-8.0008962685152227e+01|-3.3817472854255419e+02|3.7217533526069878e+03,-1.0516391028393286e+02|-1.5864794346238264e+02|3.7598298930621795e+03,-2.7105409158927978e+02|-1.6925690619136324e+02|3.6644462224699937e+03,-4.3333918232249840e+02|-1.8060257259537499e+02|3.5662139946953971e+03,
85,-5.4860354951486634e+01|-5.1699738008193435e+02|3.6833246726527946e+03,-2.1745623684911598e+02|-5.3216097334817175e+02|3.5837837166742961e+03,-4.3782633821268450e+02|-4.0763321376619979e+02|3.5161273695303171e+03,-4.0407905885623046e+02|-3.6685338033130262e+02|3.5222935920682812e+03,-2.2531320722179731e+02|-1.7432940027966282e+02|3.1943035264237155e+03,-7.9264010269095351e+01|-3.3734663815469298e+02|3.7208589240129040e+03,-1.0405359214561690e+02|-1.5767049690265409e+02|3.7583637901878269e+03,-2.6999858936131602e+02|-1.6819206401289256e+02|3.6631609280436264e+03,-4.3237033135142065e+02|-1.7938155441606199e+02|3.5650603847367802e+03,
86,-5.4318501895589797e+01|-5.1622366046048546e+02|3.6829221827596898e+03,-2.1715556409134825e+02|-5.3133784314644970e+02|3.5836862931540418e+03,-4.3767996933895489e+02|-4.0749402723030204e+02|3.5149727728993071e+03,-4.0323167373452145e+02|-3.6574079631791079e+02|3.5214198534515322e+03,-2.3514410608247269e+02|-2.8200895861382804e+02|3.4593376055640711e+03,-7.8229705952706553e+01|-3.3625958613713641e+02|3.7196551412774620e+03,-1.0245648527705134e+02|-1.5637675519792867e+02|3.7566872042958344e+03,-2.6863142042711729e+02|-1.6674211061027790e+02|3.6612123208043577e+03,-4.3086101479566264e+02|-1.7796257441252754e+02|3.5634563365207696e+03,
87,-5.3804423117771279e+01|-5.1548482217383116e+02|3.6825748003597587e+03,-2.1660602803579744e+02|-5.3069793818025880e+02|3.5832590030242145e+03,-4.3763452568094237e+02|-4.0733578339980403e+02|3.5145666786769489e+03,-4.0219044445981251e+02|-3.6470721957688090e+02|3.5201314344709804e+03,-2.3803704354279404e+02|-3.2256051491379037e+02|3.5595499879056792e+03,-7.6981957215449796e+01|-3.3524157302831725e+02|3.7182770982481798e+03,-1.0054240564475029e+02|-1.5483919872837973e+02|3.7541868845309100e+03,-2.6671898154399361e+02|-1.6530875611229490e+02|3.6585988837193058e+03,-4.2923321518566866e+02|-1.7649741883331578e+02|3.5609450308728315e+03,
88,-5.2982586010136330e+01|-5.1496494229727341e+02|3.6819098358969686e+03,-2.1572907057437885e+02|-5.3021491804969935e+02|3.5825821360138789e+03,-4.3761678318964073e+02|-4.0727597876408021e+02|3.5144112455227573e+03,-4.0087225514268602e+02|-3.6394527916890303e+02|3.5184074464868286e+03,-2.3794577248056413e+02|-3.3735413074525201e+02|3.5965121173767084e+03,-7.5377340865159397e+01|-3.3431656080906879e+02|3.7162736917513621e+03,-9.8300871289918675e+01|-1.5352130844775402e+02|3.7510739005224318e+03,-2.6456487005813290e+02|-1.6400775103916698e+02|3.6557856700724615e+03,-4.2721275317869345e+02|-1.7529201115373812e+02|3.5581011945942378e+03,
89,-5.1480152781031741e+01|-5.1466485789403634e+02|3.6805773650302617e+03,-2.1461777992883520e+02|-5.2986497862893953e+02|3.5816604261515777e+03,-4.3758881432198814e+02|-4.0729404768006987e+02|3.5142070122687574e+03,-3.9910320407410609e+02|-3.6328197152458631e+02|3.5165202579643756e+03,-2.3658382296705648e+02|-3.4271021992399562e+02|3.6089449704559815e+03,-7.3509446748644692e+01|-3.3364262609627514e+02|3.7140993690242158e+03,-9.5572152229999134e+01|-1.5242810461855845e+02|3.7475991103506203e+03,-2.6202299649436327e+02|-1.6296491629847137e+02|3.6528370808236618e+03,-4.2479481280873097e+02|-1.7431802817809680e+02|3.5548096750142240e+03,
90,-5.0071330426472073e+01|-5.1460092830448116e+02|3.6792871663426772e+03,-2.1346353259827933e+02|-5.2969845180951097e+02|3.5805217917426335e+03,-4.3752995113174876e+02|-4.0734642535978895e+02|3.5137740364826054e+03,-3.9704564628087076e+02|-3.6268115145782150e+02|3.5141714416691461e+03,-2.3465200684101248e+02|-3.4449618143448805e+02|3.6122314715800576e+03,-7.0987927592491189e+01|-3.3307219869229021e+02|3.7116065085570858e+03,-9.2347279499344921e+01|-1.5146307080016638e+02|3.7438789508360837e+03,-2.5891296679389723e+02|-1.6197847464957036e+02|3.6488268825195805e+03,-4.2192220443791587e+02|-1.7329667268692697e+02|3.5512424827191990e+03,
91,-4.8451548293904608e+01|-5.1450405281045539e+02|3.6777275651795849e+03,-2.1179073098328516e+02|-5.2958587964650690e+02|3.5786235717327581e+03,-4.3743327500282425e+02|-4.0740128665900050e+02|3.5130440229549963e+03,-3.9475194134460008e+02|-3.6210297722531487e+02|3.5113796889790260e+03,-2.3222768882546259e+02|-3.4482345055679843e+02|3.6114615445780073e+03,-6.8529823435863804e+01|-3.3262982757222164e+02|3.7086794121286639e+03,-8.8706672484670094e+01|-1.5064564671083684e+02|3.7397715280735815e+03,-2.5559759981480926e+02|-1.6099667217371399e+02|3.6445857771305214e+03,-4.1878595653700171e+02|-1.7237637196725146e+02|3.5471153496509692e+03,
92,-4.6834332228821978e+01|-5.1435735101586124e+02|3.6758935980437996e+03,-2.1021466003859427e+02|-5.2941181268053003e+02|3.5770926521754864e+03,-4.3733984480341468e+02|-4.0748459572260589e+02|3.5123526008417389e+03,-3.9234960564855248e+02|-3.6162920060803896e+02|3.5082320308260942e+03,-2.2974743200738462e+02|-3.4473459906286388e+02|3.6090405577095748e+03,-6.5732722533819611e+01|-3.3213989212991237e+02|3.7052225725525295e+03,-8.5013339644702739e+01|-1.4970993481175989e+02|3.7351695802833610e+03,-2.5219955751432252e+02|-1.6004886605143099e+02|3.6402139668378941e+03,-4.1531412211592698e+02|-1.7140009756085115e+02|3.5426793687235754e+03,
93,-4.5064487509636187e+01|-5.1420277379056154e+02|3.6738469017866391e+03,-2.0875695437878582e+02|-5.2933182116829823e+02|3.5753347288963955e+03,-4.3721854931795326e+02|-4.0745487228669384e+02|3.5113884152058204e+03,-3.8985867900541825e+02|-3.6102686536394566e+02|3.5048244936526171e+03,-2.2725208318112533e+02|-3.4438472669892656e+02|3.6060614752735673e+03,-6.3214339030447022e+01|-3.3176008246587105e+02|3.7022766594862755e+03,-8.1556238902794419e+01|-1.4882527595955148e+02|3.7304184167808439e+03,-2.4862455518512397e+02|-1.5911739851566924e+02|3.6354192078527326e+03,-4.1196209814357599e+02|-1.7045712772614689e+02|3.5378864421917569e+03,
94,-4.3640004987012851e+01|-5.1407578977443893e+02|3.6717472299625892e+03,-2.0721684774528057e+02|-5.2923216512046349e+02|3.5730448957675821e+03,-4.3705036517565634e+02|-4.0732269272103957e+02|3.5100069358129508e+03,-3.8738397143122307e+02|-3.6047750966494590e+02|3.5010651790965535e+03,-2.2486516345998035e+02|-3.4395589639969052e+02|3.6028715212747725e+03,-6.0798595207026054e+01|-3.3136245162441242e+02|3.6989820150598384e+03,-7.8113380562136655e+01|-1.4806913723636117e+02|3.7256381106442582e+03,-2.4534658890420482e+02|-1.5829105484066332e+02|3.6307695853064715e+03,-4.0858132140834908e+02|-1.6944704895611963e+02|3.5329636764061784e+03,
95,-4.2344038335434760e+01|-5.1405004100870565e+02|3.6699361907473035e+03,-2.0588494535608260e+02|-5.2896173402369743e+02|3.5710081124298827e+03,-4.3689175430793142e+02|-4.0723375171096660e+02|3.5087210886268408e+03,-3.8536562614261669e+02|-3.5975785470897534e+02|3.4977057560393041e+03,-2.2264601240587214e+02|-3.4349751183586937e+02|3.5994022929850316e+03,-5.8498410270800967e+01|-3.3096112680442485e+02|3.6956450302294606e+03,-7.4921507360941789e+01|-1.4729830624105460e+02|3.7209637882445086e+03,-2.4196144459889314e+02|-1.5751643162224869e+02|3.6258204662787257e+03,-4.0519705701270249e+02|-1.6861721545348357e+02|3.5278949390532453e+03,
96,-4.1145523302975050e+01|-5.1401569052360583e+02|3.6678837954891669e+03,-2.0458471387880004e+02|-5.2875446130107321e+02|3.5687799679330842e+03,-4.3668522867267484e+02|-4.0709166592591021e+02|3.5070331728888295e+03,-3.8312487665894139e+02|-3.5935370561281513e+02|3.4941266854700366e+03,-2.2038922926995937e+02|-3.4314801541859970e+02|3.5961025049687978e+03,-5.6154480046258598e+01|-3.3067517276989167e+02|3.6923150655784948e+03,-7.1532170237813730e+01|-1.4668173919136785e+02|3.7165335200655541e+03,-2.3869234984631848e+02|-1.5669885681414738e+02|3.6209954654748285e+03,-4.0217316237569156e+02|-1.6776619483432540e+02|3.5231029724171908e+03,
97,-3.9626407559453128e+01|-5.1416437485054496e+02|3.6656413891405359e+03,-2.0336311049780238e+02|-5.2878104176296870e+02|3.5669400771395035e+03,-4.3651895428413701e+02|-4.0713386640673991e+02|3.5057485202213529e+03,-3.8084247219044767e+02|-3.5896659793303678e+02|3.4906941193496177e+03,-2.1802489034469613e+02|-3.4277418237226601e+02|3.5927223939623136e+03,-5.3863513334626631e+01|-3.3047473412252066e+02|3.6890173090324442e+03,-6.8178533207807590e+01|-1.4611022052836248e+02|3.7121096003594866e+03,-2.3562917366914823e+02|-1.5617652483958130e+02|3.6164680802379648e+03,-3.9879323742867609e+02|-1.6695404759176759e+02|3.5182187653750757e+03,
98,-3.8243461183680864e+01|-5.1419924325502120e+02|3.6636023803197654e+03,-2.0208937927985903e+02|-5.2873254475516035e+02|3.5649088901961914e+03,-4.3636089470167678e+02|-4.0706501286949901e+02|3.5044762312359871e+03,-3.7860911918817953e+02|-3.5849728187627267e+02|3.4873460868936695e+03,-2.1582029565756125e+02|-3.4261888972892223e+02|3.5895800322245054e+03,-5.1696183069172918e+01|-3.3036925277991048e+02|3.6857472585611349e+03,-6.5086715799217160e+01|-1.4583354523486076e+02|3.7078029475302264e+03,-2.3243237345200222e+02|-1.5565433506071125e+02|3.6121679316602185e+03,-3.9571512216043675e+02|-1.6626196386450573e+02|3.5134837661165116e+03,
99,-3.6972356709053948e+01|-5.1445490177858449e+02|3.6616385144926767e+03,-2.0072787377043829e+02|-5.2879584091849790e+02|3.5627348956979090e+03,-4.3618905560965328e+02|-4.0714332689918183e+02|3.5031643670109015e+03,-3.7659760412602702e+02|-3.5846061116569086e+02|3.4843476103344797e+03,-2.1389091265263355e+02|-3.4244681598312570e+02|3.5865851262948358e+03,-4.9569607970202064e+01|-3.3043670577010397e+02|3.6827973124542850e+03,-6.2292515028032241e+01|-1.4567821905961480e+02|3.7039661051607209e+03,-2.2952184536879767e+02|-1.5542642794371412e+02|3.6081968802062966e+03,-3.9285426937607087e+02|-1.6601855132858830e+02|3.5094574814947614e+03,
100,-3.5790463589059691e+01|-5.1488940161840083e+02|3.6596672441688879e+03,-1.9958417709768409e+02|-5.2910124880091394e+02|3.5607132625120357e+03,-4.3599968737981266e+02|-4.0725900213551654e+02|3.5017317252871553e+03,-3.7464562646342733e+02|-3.5848803000083302e+02|3.4815621371565626e+03,-2.1181571325549072e+02|-3.4263549602847309e+02|3.5837260177238277e+03,-4.7582285791582251e+01|-3.3081035960404148e+02|3.6801294493407386e+03,-5.9351679114124458e+01|-1.4579171894125719e+02|3.7000522485848701e+03,-2.2662052763862815e+02|-1.5542761981824742e+02|3.6045255918570779e+03,-3.9035152735186909e+02|-1.6594672815862202e+02|3.5059864727579888e+03,
101,-3.4529262897260274e+01|-5.1562611120197403e+02|3.6578917285080011e+03,-1.9829718508722402e+02|-5.2959146067718541e+02|3.5588704050367801e+03,-4.3581298243616652e+02|-4.0737896012628858e+02|3.5003217061249570e+03,-3.7284315240873877e+02|-3.5868968979518047e+02|3.4789408439694039e+03,-2.0979958105987598e+02|-3.4305515363175806e+02|3.5808246514546686e+03,-4.5453811326303381e+01|-3.3129932577642177e+02|3.6771700925942278e+03,-5.6639056787574965e+01|-1.4608480111141512e+02|3.6966242337695744e+03,-2.2403276579570763e+02|-1.5555978479591997e+02|3.6011053490932995e+03,-3.8777131556246547e+02|-1.6605654759349108e+02|3.5025919400426124e+03,
102,-3.3007744798670075e+01|-5.1624746469398656e+02|3.6557556122957881e+03,-1.9686268923488331e+02|-5.3018199113358241e+02|3.5569555007095332e+03,-4.3567753646486335e+02|-4.0778345090917531e+02|3.4994475930591088e+03,-3.7119706835490763e+02|-3.5909273269481275e+02|3.4765542344134687e+03,-2.0794951880025826e+02|-3.4350685763232480e+02|3.5784540708606924e+03,-4.3457703333224103e+01|-3.3194999158977532e+02|3.6746959190808261e+03,-5.4055041996114753e+01|-1.4663358456187012e+02|3.6934830430349703e+03,-2.2145819962715231e+02|-1.5597844694891398e+02|3.5977019780564506e+03,-3.8533462445006393e+02|-1.6643702031487186e+02|3.4995291374563799e+03,
103,-3.1549806062951397e+01|-5.1710890150344756e+02|3.6539179430811623e+03,-1.9542415275039690e+02|-5.3087191769864364e+02|3.5548877488441690e+03,-4.3552116378481497e+02|-4.0815943029377939e+02|3.4983946863609972e+03,-3.6943159729077331e+02|-3.5976615076382052e+02|3.4743332892415388e+03,-2.0615045257985798e+02|-3.4414835874658127e+02|3.5761062114210208e+03,-4.1453882090586099e+01|-3.3255797586603705e+02|3.6719539501675308e+03,-5.1768667177061658e+01|-1.4733117290057066e+02|3.6905433991035893e+03,-2.1945884969838093e+02|-1.5653806312072888e+02|3.5947883253756900e+03,-3.8339333010155661e+02|-1.6689558609168930e+02|3.4968178794710775e+03,
104,-3.0239391075627722e+01|-5.1783317073530145e+02|3.6518525278438992e+03,-1.9414510560357311e+02|-5.3153930373369622e+02|3.5529253879690373e+03,-4.3536323754512290e+02|-4.0864957220088382e+02|3.4973816952004399e+03,-3.6790593802130337e+02|-3.6041170429311950e+02|3.4720949572170257e+03,-2.0454616455556865e+02|-3.4481146445503458e+02|3.5736438823886406e+03,-3.9927849765662323e+01|-3.3335442400341338e+02|3.6699186327794623e+03,-4.9614619690396303e+01|-1.4781884641034799e+02|3.6874068158224559e+03,-2.1744108894744571e+02|-1.5719324291304636e+02|3.5920870624035283e+03,-3.8163383846652573e+02|-1.6742237060805687e+02|3.4941369773759552e+03,
105,-2.9297199215548652e+01|-5.1845831764497518e+02|3.6501854879965613e+03,-1.9346124889889785e+02|-5.3236684167858618e+02|3.5517576802219178e+03,-4.3518798253774673e+02|-4.0889569628979228e+02|3.4961183385450254e+03,-3.6666208491294810e+02|-3.6100498493867104e+02|3.4701637395054690e+03,-2.0336622559805366e+02|-3.4552629883687655e+02|3.5717774414275646e+03,-3.8697117094394201e+01|-3.3384358001328684e+02|3.6677402446068136e+03,-4.8040636941375574e+01|-1.4829773471282260e+02|3.6851711381598593e+03,-2.1601255066285725e+02|-1.5777807417971630e+02|3.5899411886836156e+03,-3.8012279212028051e+02|-1.6799854438786193e+02|3.4916309755458642e+03,
106,-2.8297483721770629e+01|-5.1893132637498491e+02|3.6488130918017105e+03,-1.9261640837072494e+02|-5.3305790668266889e+02|3.5504529181815547e+03,-4.3505199670536445e+02|-4.0924882080723285e+02|3.4952133820842014e+03,-3.6589538262017601e+02|-3.6176918050526882e+02|3.4683060479272299e+03,-2.0252560231369972e+02|-3.4610930986543434e+02|3.5701001869835959e+03,-3.7580353187870173e+01|-3.3426851111127314e+02|3.6659580882117812e+03,-4.6912221616589470e+01|-1.4883984762381385e+02|3.6832784552100638e+03,-2.1480152143500263e+02|-1.5827935432776735e+02|3.5877988568049172e+03,-3.7911564851732606e+02|-1.6857244616632536e+02|3.4894599885323109e+03,
107,-2.7629950605793336e+01|-5.1923147588525308e+02|3.6476304915253404e+03,-1.9168268991224926e+02|-5.3346584411694641e+02|3.5488784767820371e+03,-4.3492120519948872e+02|-4.0950811914817183e+02|3.4943055438974552e+03,-3.6503520591253573e+02|-3.6246863321864998e+02|3.4667324319306249e+03,-2.0170793937135502e+02|-3.4644079540070811e+02|3.5685678459243281e+03,-3.6995800214969940e+01|-3.3454871181997549e+02|3.6647226073259967e+03,-4.6154389855086102e+01|-1.4905201027391828e+02|3.6815194047741220e+03,-2.1412904471302232e+02|-1.5875793657973313e+02|3.5860688978111411e+03,-3.7850902875571995e+02|-1.6918198271200379e+02|3.4881613688782049e+03,
108,-2.7025982777332512e+01|-5.1938011235745523e+02|3.6467640222359219e+03,-1.9115070564019121e+02|-5.3381857819574782e+02|3.5479197846321222e+03,-4.3480799712914649e+02|-4.0971510131594789e+02|3.4935118736034065e+03,-3.6452760298126844e+02|-3.6278619610873608e+02|3.4654320033000031e+03,-2.0120498002466414e+02|-3.4684086757677409e+02|3.5673263477466835e+03,-3.6500976731534962e+01|-3.3477733241611992e+02|3.6636926541845228e+03,-4.5823402844455053e+01|-1.4921908299553854e+02|3.6802510747007532e+03,-2.1375062021712912e+02|-1.5896170322341476e+02|3.5844986877822739e+03,-3.7792219179972585e+02|-1.6966667152281627e+02|3.4865499453027101e+03,
109,-2.6678915393527028e+01|-5.1941527658418136e+02|3.6460484966737199e+03,-1.9049369155534956e+02|-5.3389685660167538e+02|3.5467710385907594e+03,-4.3468674642194981e+02|-4.0984216074237628e+02|3.4926176785878665e+03,-3.6398444369036332e+02|-3.6314448301740674e+02|3.4640657683603840e+03,-2.0074332346879885e+02|-3.4687309532354686e+02|3.5660403687297398e+03,-3.6051747275236792e+01|-3.3467500809820797e+02|3.6625277170645541e+03,-4.5663490476015490e+01|-1.4906983749873970e+02|3.6792388253771896e+03,-2.1348544905119454e+02|-1.5909179268060990e+02|3.5834919052307837e+03,-3.7745264745711103e+02|-1.6997456818047252e+02|3.4849718660831622e+03,
110,-2.6289848914022414e+01|-5.1928712389601492e+02|3.6450122444280814e+03,-1.9006041161024260e+02|-5.3386506732403609e+02|3.5457425606616171e+03,-4.3454574314867472e+02|-4.0984894306225067e+02|3.4915121654997060e+03,-3.6365594529213098e+02|-3.6340107951377075e+02|3.4629249066271318e+03,-2.0047935870531612e+02|-3.4697903538269242e+02|3.5651333520485969e+03,-3.6052913389395314e+01|-3.3457080734505496e+02|3.6618121916963983e+03,-4.5670303745227066e+01|-1.4895809411943907e+02|3.6782285056268620e+03,-2.1351363423805378e+02|-1.5915524104287203e+02|3.5825258509475584e+03,-3.7721807542071508e+02|-1.7015577395742073e+02|3.4835382048040069e+03,
111,-2.6136617106379898e+01|-5.1923724486171704e+02|3.6442707832381684e+03,-1.8971905849752778e+02|-5.3398459459765809e+02|3.5445422641337027e+03,-4.3442272983317537e+02|-4.0995747416923246e+02|3.4905950981822302e+03,-3.6348546120741105e+02|-3.6347008908020564e+02|3.4616817869709121e+03,-2.0028390667585498e+02|-3.4696580592716043e+02|3.5639665625788616e+03,-3.6138140275035440e+01|-3.3456081075845663e+02|3.6610329116008629e+03,-4.5967576298337640e+01|-1.4896622704667243e+02|3.6775267378138956e+03,-2.1356944638567788e+02|-1.5922652118666531e+02|3.5813579380022611e+03,-3.7719630833411543e+02|-1.7036180994460736e+02|3.4823277445813633e+03,
112,-2.6111232836399399e+01|-5.1929731940240993e+02|3.6436118916304399e+03,-1.8966247114373101e+02|-5.3417048967931737e+02|3.5439150775740395e+03,-4.3426418959949217e+02|-4.1001848149535402e+02|3.4893756663710774e+03,-3.6328483283373322e+02|-3.6378729726058776e+02|3.4606847624507691e+03,-2.0017618457148018e+02|-3.4710335608245151e+02|3.5629234231893361e+03,-3.6158718546102513e+01|-3.3462899275012796e+02|3.6605414890245120e+03,-4.6167344207330778e+01|-1.4899449651278059e+02|3.6769297424303027e+03,-2.1356881180008409e+02|-1.5943934116637229e+02|3.5806836153118011e+03,-3.7718153911832712e+02|-1.7059754033491035e+02|3.4815746795007071e+03,
113,-2.6121714284782335e+01|-5.1949713664695867e+02|3.6432418735031611e+03,-1.8947366022845236e+02|-5.3439108253546988e+02|3.5431003221069186e+03,-4.3418037110051796e+02|-4.1021967714270318e+02|3.4888099306591248e+03,-3.6292844373798511e+02|-3.6406067453180003e+02|3.4595818565069731e+03,-2.0012686714537998e+02|-3.4734749168308753e+02|3.5623796954903005e+03,-3.6215287931665493e+01|-3.3467125808415943e+02|3.6598402189894091e+03,-4.6442886012055958e+01|-1.4918513629872538e+02|3.6766815908499548e+03,-2.1359511388584960e+02|-1.5968021509866989e+02|3.5797039601660240e+03,-3.7708081559623236e+02|-1.7095213711657013e+02|3.4804697544825653e+03,
114,-2.5956444949820018e+01|-5.1980476903406054e+02|3.6428656719626238e+03,-1.8900595868032499e+02|-5.3486921441392883e+02|3.5424100047550819e+03,-4.3402461284392791e+02|-4.1050101279305238e+02|3.4877125091506764e+03,-3.6274427450546278e+02|-3.6469914754473371e+02|3.4585775524430433e+03,-2.0007665182694711e+02|-3.4773843807700638e+02|3.5616464049166434e+03,-3.6238024579454560e+01|-3.3489474613723547e+02|3.6592967777255640e+03,-4.6715627088303357e+01|-1.4944434888841775e+02|3.6759944121095859e+03,-2.1374416365356166e+02|-1.6005209291630507e+02|3.5788089139191534e+03,-3.7717053940869391e+02|-1.7158063465882319e+02|3.4793981343481983e+03,
115,-2.5685154766366676e+01|-5.1993594111548748e+02|3.6422737838077833e+03,-1.8869072452329695e+02|-5.3528494559438911e+02|3.5415392916463770e+03,-4.3389754500165947e+02|-4.1089366965472652e+02|3.4868918293993911e+03,-3.6246875790526860e+02|-3.6536004823304586e+02|3.4571330776918003e+03,-2.0008253778210155e+02|-3.4826193397878615e+02|3.5607680382703174e+03,-3.6401734520867159e+01|-3.3517734735424546e+02|3.6585298619356254e+03,-4.7154946582322317e+01|-1.4965068399034377e+02|3.6753324489757065e+03,-2.1409502156233651e+02|-1.6062476001504027e+02|3.5782410348333437e+03,-3.7719565278620985e+02|-1.7228392182411960e+02|3.4780855039652665e+03,
116,-2.5510175708283722e+01|-5.2013019735682053e+02|3.6413628528052304e+03,-1.8847542541798884e+02|-5.3580471541980330e+02|3.5404301285241422e+03,-4.3371398234254895e+02|-4.1123786748179890e+02|3.4856021590197506e+03,-3.6234651636341931e+02|-3.6621207554793205e+02|3.4557227341864050e+03,-2.0014884805935267e+02|-3.4879980613923897e+02|3.5597201376726380e+03,-3.6669834878593399e+01|-3.3549618826246626e+02|3.6579924532831633e+03,-4.7825734522143982e+01|-1.5007292403620102e+02|3.6744872895999079e+03,-2.1469662467695471e+02|-1.6124213021416074e+02|3.5773793113058277e+03,-3.7745293859647802e+02|-1.7313215144963399e+02|3.4767473215969271e+03,
117,-2.5781851731759389e+01|-5.2066414569887627e+02|3.6405181836737947e+03,-1.8841142088882651e+02|-5.3651846791829894e+02|3.5392205302005359e+03,-4.3350624547108072e+02|-4.1163581427489925e+02|3.4841449514142505e+03,-3.6222070271965811e+02|-3.6721525011871449e+02|3.4542277900149174e+03,-2.0057130796390064e+02|-3.4951446386843969e+02|3.5586815975914947e+03,-3.7289194003748158e+01|-3.3599062041427555e+02|3.6572302133126395e+03,-4.8810242997400998e+01|-1.5060548817792082e+02|3.6736948707815045e+03,-2.1520420655219101e+02|-1.6193042694633502e+02|3.5757922084072884e+03,-3.7777931615603842e+02|-1.7418952898854988e+02|3.4753675309746686e+03,
118,-2.6261007915781843e+01|-5.2137151372653136e+02|3.6394391617474839e+03,-1.8884224687065043e+02|-5.3732595559082165e+02|3.5380582513912068e+03,-4.3325182771962380e+02|-4.1221759007618977e+02|3.4824004315805619e+03,-3.6261604080699021e+02|-3.6843447263419097e+02|3.4527340490922211e+03,-1.9867239682404912e+02|-2.8180555265310630e+02|3.4296348125416098e+03,-3.8069662533023248e+01|-3.3661226444427524e+02|3.6560757167875850e+03,-4.9912856167069847e+01|-1.5142632914128021e+02|3.6728750974174200e+03,-2.1604548088996586e+02|-1.6289331636438328e+02|3.5745708271416720e+03,-3.6854488162517396e+02|-1.2766467938049648e+02|3.3455688207021744e+03,
119,-2.7069428663339409e+01|-5.2264122491770991e+02|3.6384445401971061e+03,-1.8914897529759116e+02|-5.3857127517011077e+02|3.5365395014372193e+03,-4.5804215366908051e+02|-3.7561268256180131e+02|3.6532269631950853e+03,-3.6319674408664406e+02|-3.7027491943293433e+02|3.4507955546053481e+03,-1.9845566796959861e+02|-2.5732618409803695e+02|3.3788004083873279e+03,-3.9079713312559150e+01|-3.3791324388156949e+02|3.6549810526443562e+03,-5.1490677379247145e+01|-1.5278308636503496e+02|3.6716353360606454e+03,-2.1703858006703484e+02|-1.6457483980634186e+02|3.5728729615919060e+03,-3.6640307216069527e+02|-1.1140784369473286e+02|3.3024428430826483e+03,
