Original Filename,/home/tos/snakestrike_test/triangulation/capture_022/TriangulatedPoints_1.xml,
ModifiedNumTimesteps,301,
MaxNumPoints,4,
MaxTimestep,300,
NumMissingTimesteps,0,
0,-1.2159073034231994e+02|-7.6660694405649508e+01|2.6216145341509086e+03,-6.7009440192918603e+01|-7.4132002455005107e+01|2.6418520732070142e+03,-1.2958107444211567e+01|-7.9049120354923389e+01|2.6691417842886372e+03,5.5477745721596733e+01|-8.0740151234674059e+01|2.7124902312393929e+03,
1,-1.2168644638050645e+02|-7.6576662326671141e+01|2.6216837961550591e+03,-6.7062760259677475e+01|-7.4097315974810613e+01|2.6419013066704169e+03,-1.2960552842587772e+01|-7.8841182284587248e+01|2.6694267091068737e+03,5.5374438005390353e+01|-8.0675106535533985e+01|2.7124107121708553e+03,
2,-1.2177858118976033e+02|-7.6305357834162038e+01|2.6216746149719434e+03,-6.7183509793295883e+01|-7.3949687260874171e+01|2.6420211354044823e+03,-1.3086122362828682e+01|-7.8750091760547292e+01|2.6690840447274140e+03,5.5381646326509006e+01|-8.0537252697771180e+01|2.7123094810276220e+03,
3,-1.2185234914429165e+02|-7.5927742956204355e+01|2.6217358744882517e+03,-6.7243401080953561e+01|-7.3562008984194961e+01|2.6420054212937530e+03,-1.3144142997133635e+01|-7.8578048430485609e+01|2.6688522233849253e+03,5.5229959564763398e+01|-8.0340789466512035e+01|2.7123582910930600e+03,
4,-1.2192812065788709e+02|-7.5697259009856751e+01|2.6217906338839553e+03,-6.7353435227859023e+01|-7.3361446270958453e+01|2.6419994689767491e+03,-1.3236664498103615e+01|-7.8355847162891578e+01|2.6690020753015438e+03,5.5112771323229133e+01|-8.0126938646448508e+01|2.7124687093933003e+03,
5,-1.2200217637794221e+02|-7.5624361041140318e+01|2.6217998042105673e+03,-6.7440902248807078e+01|-7.3295327998163714e+01|2.6420115075837366e+03,-1.3358575816894653e+01|-7.8265901197348356e+01|2.6690922925607565e+03,5.5019100318900769e+01|-8.0063094724607367e+01|2.7125034055947031e+03,
6,-1.2214394170249837e+02|-7.5627727578748136e+01|2.6218655062922521e+03,-6.7725244774874668e+01|-7.3221281882997758e+01|2.6423204661695954e+03,-1.3573394222906302e+01|-7.8149569585450422e+01|2.6691499543866571e+03,5.4807910837033063e+01|-7.9925468995733368e+01|2.7126446744564923e+03,
7,-1.2239570229544201e+02|-7.5483946385661653e+01|2.6220785987591767e+03,-6.7898985897154404e+01|-7.3100639976165454e+01|2.6425118120772145e+03,-1.3738522130013695e+01|-7.8034977683858330e+01|2.6691928287561941e+03,5.4586586719223661e+01|-7.9777350448972413e+01|2.7127630640905581e+03,
8,-1.2254897031458056e+02|-7.5378254987323459e+01|2.6222565215656691e+03,-6.8032183830542493e+01|-7.2994989845718877e+01|2.6427049888244924e+03,-1.3852030581004120e+01|-7.7940244474738606e+01|2.6693374382098400e+03,5.4447849247365220e+01|-7.9681049135578746e+01|2.7129682605161702e+03,
9,-1.2272292797930164e+02|-7.5316397587774460e+01|2.6226643109757724e+03,-6.8183057440397448e+01|-7.2945878448577361e+01|2.6429027812850563e+03,-1.3996154365141056e+01|-7.7939166944617739e+01|2.6695942003871446e+03,5.4280532162546706e+01|-7.9668875439188298e+01|2.7131719435404616e+03,
10,-1.2272924444565318e+02|-7.5342606558008299e+01|2.6228158153412105e+03,-6.8220818268392193e+01|-7.2992191206843088e+01|2.6430774355414906e+03,-1.4135149080678282e+01|-7.8048392771747913e+01|2.6696499776390506e+03,5.4206199575346794e+01|-7.9700007072515760e+01|2.7133799855983011e+03,
11,-1.2280464718155173e+02|-7.5296525807141094e+01|2.6229726828932726e+03,-6.8276970900776575e+01|-7.2853485117177598e+01|2.6431922283919275e+03,-1.4175733310275032e+01|-7.7841609990051808e+01|2.6697733568866061e+03,5.4156454146015747e+01|-7.9656319763749138e+01|2.7134725920486676e+03,
12,-1.2287410228574772e+02|-7.4869605913703154e+01|2.6230585920101512e+03,-6.8398759567814039e+01|-7.2474031411651183e+01|2.6433569411338726e+03,-1.4280990209550552e+01|-7.7506645829545690e+01|2.6699674168321717e+03,5.4129248279297173e+01|-7.9314910084196086e+01|2.7135551054989896e+03,
13,-1.2312186099449430e+02|-7.4378879836061543e+01|2.6232087312009985e+03,-6.8595198605462343e+01|-7.2105713768178262e+01|2.6435318229070249e+03,-1.4485594770436668e+01|-7.7155965340876250e+01|2.6699973925150684e+03,5.3946428603001266e+01|-7.8942943583730226e+01|2.7137114588348777e+03,
14,-1.2336696586033082e+02|-7.4119135134579111e+01|2.6233629701122700e+03,-6.8751355336026975e+01|-7.1859181679333503e+01|2.6436747449611958e+03,-1.4721580882404018e+01|-7.6915293270388958e+01|2.6701961416434001e+03,5.3774646558400256e+01|-7.8726495523621949e+01|2.7137470187344124e+03,
15,-1.2338824270503456e+02|-7.4020605802778277e+01|2.6233922611185039e+03,-6.8967895392630467e+01|-7.1696945766329250e+01|2.6437756249785439e+03,-1.4807336783415259e+01|-7.6784806117941471e+01|2.6702760046918629e+03,5.3642596124797933e+01|-7.8549814333007774e+01|2.7138677605446351e+03,
16,-1.2340728147321957e+02|-7.3733208668066069e+01|2.6233683703513670e+03,-6.9103157149654649e+01|-7.1466497809369699e+01|2.6437814387762378e+03,-1.4862541143123250e+01|-7.6568839318218934e+01|2.6702386263569801e+03,5.3550492770647040e+01|-7.8441557407924620e+01|2.7139125791590950e+03,
17,-1.2349196083381575e+02|-7.2402510394390461e+01|2.6235347616428517e+03,-6.9172731833934463e+01|-7.0353650326676828e+01|2.6441050851030300e+03,-1.4925231303187289e+01|-7.5728596929556147e+01|2.6706441104366008e+03,5.3526090019546501e+01|-7.8065692414020447e+01|2.7140438302115294e+03,
18,-1.2347133899521351e+02|-6.8930541589727014e+01|2.6240192030092194e+03,-6.9142601544137577e+01|-6.7871452428453722e+01|2.6447167934840436e+03,-1.4983928398324386e+01|-7.4365209223569636e+01|2.6709156956778475e+03,5.3534162974090073e+01|-7.7460994633543535e+01|2.7142510952208759e+03,
19,-1.2348005613746550e+02|-6.5414151425803638e+01|2.6246844363564819e+03,-6.9117074999084707e+01|-6.5399947544994546e+01|2.6451972322126612e+03,-1.5088531995069401e+01|-7.3080165139001380e+01|2.6714313497298590e+03,5.3450868873547357e+01|-7.6860423687200750e+01|2.7144594314898404e+03,
20,-1.2345471222015333e+02|-6.3210351815989206e+01|2.6251221331494276e+03,-6.9126980623645665e+01|-6.3725877206270660e+01|2.6456565260849543e+03,-1.5135377856594218e+01|-7.2112680674293486e+01|2.6717311106859552e+03,5.3418018925509578e+01|-7.6559465910617732e+01|2.7146447592965560e+03,
21,-1.2344277468409653e+02|-6.1566553593855346e+01|2.6253970396203508e+03,-6.9151582747469902e+01|-6.2592138930567558e+01|2.6459463793941277e+03,-1.5226255518700363e+01|-7.1251080322697632e+01|2.6718733073446233e+03,5.3312841194700468e+01|-7.6322444034897586e+01|2.7148882481407586e+03,
22,-1.2310932284394104e+02|-5.9355418962959178e+01|2.6257384202031653e+03,-6.8799111034524799e+01|-6.0889736204592730e+01|2.6461859477498615e+03,-1.5046030142358441e+01|-7.0137355812700690e+01|2.6720859376059789e+03,5.3410604214730952e+01|-7.5945030173026154e+01|2.7151300739139797e+03,
23,-1.2277319688702848e+02|-5.5561785045804783e+01|2.6265179041084543e+03,-6.8317680881353240e+01|-5.7984158172585211e+01|2.6466855237947848e+03,-1.4823168341077704e+01|-6.8296197175673910e+01|2.6727359309349099e+03,5.3492534399347200e+01|-7.5417375813667689e+01|2.7155582846031521e+03,
24,-1.2219609507744676e+02|-5.0529198241091386e+01|2.6275373295129589e+03,-6.7751859614128506e+01|-5.4127778920119525e+01|2.6475059859652351e+03,-1.4440479649749369e+01|-6.5663853098733355e+01|2.6731856345710521e+03,5.3686224047630347e+01|-7.4604768157663656e+01|2.7158551977517586e+03,
25,-1.2141415335558740e+02|-4.5170000813876172e+01|2.6284504925884698e+03,-6.6997367518649682e+01|-5.0016496554192983e+01|2.6481618218958247e+03,-1.3985131250961397e+01|-6.2931279830596317e+01|2.6738546503811085e+03,5.4002115705795568e+01|-7.3658233363633414e+01|2.7162754980704249e+03,
26,-1.2062799052256572e+02|-4.0563695930117966e+01|2.6290949025559885e+03,-6.6375995430190486e+01|-4.6403973174636754e+01|2.6488478344358568e+03,-1.3589588152149927e+01|-6.0520120927912593e+01|2.6743434699635450e+03,5.4197611664344045e+01|-7.2714676330231242e+01|2.7167563683389690e+03,
27,-1.1993918114202694e+02|-3.6911881554447113e+01|2.6295958021193546e+03,-6.5739390591010761e+01|-4.3559814350591907e+01|2.6493327147527821e+03,-1.3135374837346369e+01|-5.8546900615099801e+01|2.6746823953603316e+03,5.4424758838700853e+01|-7.1860522197878012e+01|2.7169473709768436e+03,
28,-1.1914474744281019e+02|-3.3373412590730709e+01|2.6300749637635581e+03,-6.5032140897946547e+01|-4.0761154258280790e+01|2.6497904874302649e+03,-1.2516954200226339e+01|-5.6577465573878548e+01|2.6749347279641052e+03,5.4683791205254067e+01|-7.1150286932685390e+01|2.7172730503477214e+03,
29,-1.1827529993260603e+02|-2.9565129053839009e+01|2.6307328471516621e+03,-6.4275308094441499e+01|-3.7746751668629351e+01|2.6504191620497763e+03,-1.2047514759721974e+01|-5.4504050871030600e+01|2.6753672044149580e+03,5.4920657917307352e+01|-7.0392590698152489e+01|2.7175537426350561e+03,
30,-1.1762160687293802e+02|-2.5932807591947491e+01|2.6316567298095019e+03,-6.3690037672139077e+01|-3.4737799958429662e+01|2.6511689611851334e+03,-1.1621186041729905e+01|-5.2292398690690192e+01|2.6759468702888353e+03,5.5143263220846322e+01|-6.9501675114332983e+01|2.7178416420378799e+03,
31,-1.1688104525523053e+02|-2.2713639326374267e+01|2.6324113156729977e+03,-6.3006865305159380e+01|-3.1943616928500379e+01|2.6516480230482753e+03,-1.1058251452983434e+01|-5.0076368908407701e+01|2.6763306978476153e+03,5.5386811555620987e+01|-6.8439184999396659e+01|2.7181350419569026e+03,
32,-1.1580635809628224e+02|-1.8756006455771058e+01|2.6332245637815718e+03,-6.2001517624264771e+01|-2.8657854233775453e+01|2.6523423912656681e+03,-1.0311898805630376e+01|-4.7596238405922698e+01|2.6768740178501739e+03,5.5808858880235306e+01|-6.7392623263884772e+01|2.7185383533679847e+03,
33,-1.1447706183585328e+02|-1.4471665477809047e+01|2.6341296430543666e+03,-6.0812109264459636e+01|-2.5313601676511965e+01|2.6531704674410962e+03,-9.3769138164128130e+00|-4.5178077625432884e+01|2.6774091506121613e+03,5.6314895035137212e+01|-6.6417731400414809e+01|2.7188570422170960e+03,
34,-1.1334578163220083e+02|-1.1075245828674882e+01|2.6349798216276799e+03,-5.9771563014581211e+01|-2.2445012527198539e+01|2.6539836997805392e+03,-8.5354876443767793e+00|-4.2965539155571882e+01|2.6778868664217971e+03,5.6815341190570386e+01|-6.5567839924695178e+01|2.7190736383145522e+03,
35,-1.1225141486762347e+02|-8.2772589170361144e+00|2.6356960674394595e+03,-5.8721362667869144e+01|-2.0070727838079513e+01|2.6545582218234986e+03,-7.5365562201557994e+00|-4.1052185146023177e+01|2.6781303243183420e+03,5.7325886227482584e+01|-6.4799971089631171e+01|2.7194162205226617e+03,
36,-1.1132022774437266e+02|-5.8120338581238231e+00|2.6363900948915184e+03,-5.7815310400605640e+01|-1.8116210362303573e+01|2.6550245249711029e+03,-6.9590551077751677e+00|-3.9662047948810155e+01|2.6786057890775355e+03,5.7763207528509746e+01|-6.4273341316693546e+01|2.7195531031534206e+03,
37,-1.1044960125215208e+02|-3.8642591387634253e+00|2.6370269600195770e+03,-5.7087915337733982e+01|-1.6620975552340948e+01|2.6556366435639839e+03,-6.2186164776637085e+00|-3.8632546175868463e+01|2.6789900526208198e+03,5.8093102724341939e+01|-6.4048996224668414e+01|2.7198514639434702e+03,
38,-1.0895637869049835e+02|-9.0200170077727870e-01|2.6376597402458037e+03,-5.5800126755033915e+01|-1.4458020024692919e+01|2.6561340202847869e+03,-5.1423463538367251e+00|-3.7240651491657310e+01|2.6794213609424578e+03,5.8701413139067078e+01|-6.3823870667268324e+01|2.7200686214832567e+03,
39,-1.0694730497078507e+02|2.8446749524744286e+00|2.6382976897228546e+03,-5.4051381717735879e+01|-1.1597076546139990e+01|2.6569196486923788e+03,-3.7581310578647571e+00|-3.5347440971089839e+01|2.6800969541831373e+03,5.9441520413144005e+01|-6.3397876886460992e+01|2.7204932361699584e+03,
40,-1.0479668537438342e+02|6.4833413463542193e+00|2.6389924827752488e+03,-5.2159362644510587e+01|-8.8404053781106811e+00|2.6576673132198334e+03,-2.3104620039039783e+00|-3.3604313296561592e+01|2.6805779181234475e+03,6.0266375588778374e+01|-6.3033219545743066e+01|2.7208354627258300e+03,
41,-1.0302942392656739e+02|9.2704183035139316e+00|2.6394374290247656e+03,-5.0584580655623022e+01|-6.7352314049624784e+00|2.6581106469920428e+03,-1.1245051309605820e+00|-3.2200606784288823e+01|2.6810387114494679e+03,6.0932721896981782e+01|-6.2722796763220657e+01|2.7211015227835483e+03,
42,-1.0158938609259877e+02|1.1193395180828039e+01|2.6395929077639903e+03,-4.9301657705983558e+01|-5.3431822887468714e+00|2.6583316652560984e+03,-2.3736323968022166e-03|-3.1242926428903747e+01|2.6810961690366184e+03,6.1556720341168926e+01|-6.2536390556841646e+01|2.7212465886075934e+03,
43,-1.0007551792384562e+02|1.2910835861590378e+01|2.6396324885800623e+03,-4.7967281109162322e+01|-4.0376429628534192e+00|2.6585108120213476e+03,8.9241408806998235e-01|-3.0422891760362610e+01|2.6814171999194787e+03,6.2238232878899517e+01|-6.2440585299687491e+01|2.7213904770231493e+03,
44,-9.7813793563997393e+01|1.6171765234874119e+01|2.6402708213076608e+03,-4.6031635016464143e+01|-1.6232648966125587e+00|2.6591749914445340e+03,2.4757847936198427e+00|-2.8900564666557827e+01|2.6818989811176521e+03,6.3114377814618422e+01|-6.2205415800348426e+01|2.7217439439466475e+03,
45,-9.5145493267780694e+01|2.0141216589954212e+01|2.6412096282792390e+03,-4.3681204960521086e+01|1.2971899070763719e+00|2.6599569508476661e+03,4.2274232617378207e+00|-2.7005011031509465e+01|2.6825841336612289e+03,6.4058403669077151e+01|-6.1819647178902471e+01|2.7221623202638807e+03,
46,-9.2654152278402321e+01|2.3726982308110173e+01|2.6420351696052626e+03,-4.1544528867600270e+01|3.9529089674729709e+00|2.6609854424115938e+03,5.9699975464593651e+00|-2.5296152006270272e+01|2.6832759732906620e+03,6.4941977129949009e+01|-6.1535095653419617e+01|2.7225547032342051e+03,
47,-9.0790041888917642e+01|2.6261964101244224e+01|2.6427687682571018e+03,-3.9853891612636744e+01|5.7454417175395163e+00|2.6615978428652329e+03,7.2524793747881100e+00|-2.4222410281596005e+01|2.6837325090230456e+03,6.5650385764206973e+01|-6.1395880834371738e+01|2.7228623202586036e+03,
48,-8.9209998279813959e+01|2.7858446064616142e+01|2.6432153649317838e+03,-3.8550536601595255e+01|6.8217774834969216e+00|2.6621195972417590e+03,8.3624817685058730e+00|-2.3583018995908706e+01|2.6841712021165145e+03,6.6241163031596443e+01|-6.1510365161601413e+01|2.7231212477527656e+03,
49,-8.7679217036294887e+01|2.9335019553072055e+01|2.6437640123833621e+03,-3.7188919298535041e+01|7.8228105758608448e+00|2.6626836249061239e+03,9.5314426939115897e+00|-2.3034572063499638e+01|2.6846606265331538e+03,6.6789210995824988e+01|-6.1717184967091356e+01|2.7235361062036172e+03,
50,-8.5373054507269046e+01|3.1867726872570614e+01|2.6447890142427168e+03,-3.5173489034896889e+01|9.6038317769265884e+00|2.6637781669733663e+03,1.1022969909679999e+01|-2.2095986084336833e+01|2.6854674882104850e+03,6.7642275441479285e+01|-6.1829856853458409e+01|2.7240501114261101e+03,
51,-8.3244619234581080e+01|3.4209740372204266e+01|2.6458649563712465e+03,-3.3408369340325095e+01|1.1211275602590234e+01|2.6648606116173437e+03,1.2342110389119942e+01|-2.1188399265786202e+01|2.6863377721823072e+03,6.8390771573455041e+01|-6.2006714858558574e+01|2.7246831247300979e+03,
52,-8.1616481749526145e+01|3.6021409387787600e+01|2.6470139984939033e+03,-3.1954278131947344e+01|1.2429560611727647e+01|2.6657720394937214e+03,1.3472712962414720e+01|-2.0652045550786738e+01|2.6871783389355342e+03,6.8928899519691910e+01|-6.2168853365984191e+01|2.7252079696267278e+03,
53,-8.0336987059408784e+01|3.7326552560891187e+01|2.6478570489105509e+03,-3.0912174264028998e+01|1.3291082126884744e+01|2.6665416977743334e+03,1.4198910700717857e+01|-2.0180605991654414e+01|2.6877981735697126e+03,6.9338524690002430e+01|-6.2340882210981036e+01|2.7255662175189627e+03,
54,-7.8925913118998906e+01|3.8474297110545074e+01|2.6481716087836735e+03,-2.9704425755963552e+01|1.4060252659391422e+01|2.6669884891240517e+03,1.5146717642080752e+01|-1.9786954993583901e+01|2.6882466697245286e+03,6.9796240227728802e+01|-6.2469553317215691e+01|2.7260095631374525e+03,
55,-7.7393857665056842e+01|3.9948695677517456e+01|2.6486906423776004e+03,-2.8429590016342225e+01|1.5080141648769313e+01|2.6676017834884256e+03,1.6092560270141714e+01|-1.9197755819138948e+01|2.6890225390634660e+03,7.0206138622888318e+01|-6.2519415007744783e+01|2.7265339863641448e+03,
56,-7.5725363629232206e+01|4.2080012622266331e+01|2.6499549475620252e+03,-2.7020188744681850e+01|1.6585155841219631e+01|2.6688478494610854e+03,1.7062979699785810e+01|-1.8270562312276098e+01|2.6899584997009915e+03,7.0560490565347337e+01|-6.2503098413719684e+01|2.7272562990737056e+03,
57,-7.4282206500046271e+01|4.4103970557515744e+01|2.6514357773337638e+03,-2.5861285698225387e+01|1.7895169735466478e+01|2.6701760508190696e+03,1.7877772340481858e+01|-1.7467087412915319e+01|2.6910119502338016e+03,7.0776557856921485e+01|-6.2513962372484400e+01|2.7280218706008022e+03,
58,-7.3221131571257132e+01|4.5492596004183198e+01|2.6527567748012534e+03,-2.5008118408201081e+01|1.8819953962965599e+01|2.6712380595606105e+03,1.8411617443819161e+01|-1.7036344289964465e+01|2.6918294582394310e+03,7.0928294142558968e+01|-6.2637875162612126e+01|2.7286423662419161e+03,
59,-7.2438143948546454e+01|4.6488372444986211e+01|2.6537240099192113e+03,-2.4377537033079580e+01|1.9436060123580095e+01|2.6720953434938688e+03,1.8797042407977269e+01|-1.6733135551066631e+01|2.6926117224081318e+03,7.0979690405704105e+01|-6.2814473486123809e+01|2.7290149067513316e+03,
60,-7.1939262248689374e+01|4.7171945414487801e+01|2.6543997134369047e+03,-2.4048889332250898e+01|1.9911515446820978e+01|2.6727790632568358e+03,1.8986755843913688e+01|-1.6528684874655379e+01|2.6931726351346570e+03,7.1020203231120192e+01|-6.2966798555685472e+01|2.7293804912279884e+03,
61,-7.1242820581145324e+01|4.8446910463997227e+01|2.6554779984558900e+03,-2.3476742360652345e+01|2.0866787301202837e+01|2.6736826953749764e+03,1.9384622060062625e+01|-1.5943057332076659e+01|2.6937313335927743e+03,7.1063035190600161e+01|-6.2890502345112658e+01|2.7297545097578241e+03,
62,-6.9876303366841825e+01|5.0433781031581972e+01|2.6568114234675222e+03,-2.2355950422179138e+01|2.2342679114483339e+01|2.6747983907830121e+03,2.0147920073187997e+01|-1.4925051815176369e+01|2.6946450736793499e+03,7.1295202218054001e+01|-6.2612236539502796e+01|2.7302812521700275e+03,
63,-6.8421654949203230e+01|5.2410332922074787e+01|2.6579680711707119e+03,-2.1265959760192874e+01|2.3742136667439645e+01|2.6758804254801817e+03,2.0932842650724634e+01|-1.4013405178588471e+01|2.6955287544787393e+03,7.1597580431655757e+01|-6.2342849462031964e+01|2.7306840680475621e+03,
64,-6.7314926549074301e+01|5.3841090431856472e+01|2.6588256656350904e+03,-2.0239790649575959e+01|2.4766362328958927e+01|2.6765748848428884e+03,2.1687215318781089e+01|-1.3352948093093769e+01|2.6960863883796897e+03,7.1864537779162831e+01|-6.2162553727054316e+01|2.7310241629395236e+03,
65,-6.6404381764408626e+01|5.4808982576264654e+01|2.6592163247250123e+03,-1.9553377635693547e+01|2.5427949637282452e+01|2.6769690256385629e+03,2.2146462935389394e+01|-1.2994021197878876e+01|2.6964236937291412e+03,7.2068819323594752e+01|-6.2126069598964442e+01|2.7311626332518572e+03,
66,-6.6032714347717828e+01|5.5269207716663715e+01|2.6595974616522835e+03,-1.9252759815627357e+01|2.5754497751817567e+01|2.6771245229995288e+03,2.2331501931519501e+01|-1.2823056078634018e+01|2.6965374847733597e+03,7.2160971312488670e+01|-6.2137075122326600e+01|2.7311377956225906e+03,
67,-6.6073908286715380e+01|5.5425159045829425e+01|2.6599554897837543e+03,-1.9309246863696568e+01|2.5818925999785087e+01|2.6772679071555126e+03,2.2307745354635664e+01|-1.2803115384984082e+01|2.6965935314212124e+03,7.2114526480191188e+01|-6.2195118403480855e+01|2.7311575027548693e+03,
68,-6.6469583036740161e+01|5.5319842981356608e+01|2.6602365230456990e+03,-1.9672902748048614e+01|2.5733982280356212e+01|2.6774561264149670e+03,2.1946268638678092e+01|-1.2896297598695931e+01|2.6966373479527288e+03,7.1979068137419915e+01|-6.2244598878927491e+01|2.7308880263524852e+03,
69,-6.7349361193409422e+01|5.4837435496194857e+01|2.6604763731330686e+03,-2.0512790267242018e+01|2.5352308744443405e+01|2.6776182627017979e+03,2.1284702701473471e+01|-1.3198961066670616e+01|2.6964510113185011e+03,7.1643448966840225e+01|-6.2422888656411367e+01|2.7306312765072585e+03,
70,-6.8874357887712151e+01|5.3576408358944263e+01|2.6603186599240166e+03,-2.1749444235675263e+01|2.4392258290714860e+01|2.6771993881104190e+03,2.0257070977151926e+01|-1.3901772155983275e+01|2.6959286279156258e+03,7.1051065542472173e+01|-6.2703115434617949e+01|2.7302339124505588e+03,
71,-6.9665223314600979e+01|5.2595273443622311e+01|2.6597635216239601e+03,-2.2442427063669658e+01|2.3689115417267839e+01|2.6767783104209057e+03,1.9754796736575642e+01|-1.4391614996523289e+01|2.6956697182831890e+03,7.0835939609971533e+01|-6.2957850008244527e+01|2.7298902057498594e+03,
72,-6.8644873018596400e+01|5.3043371071730228e+01|2.6592643770102654e+03,-2.1574980451604276e+01|2.3902813073082125e+01|2.6764663626130368e+03,2.0483268862956521e+01|-1.4241624332948749e+01|2.6955548874772685e+03,7.1226755677146528e+01|-6.3007929698121380e+01|2.7299376128039858e+03,
73,-6.7908886207386175e+01|5.2984253326133249e+01|2.6586115782778106e+03,-2.0924742509355749e+01|2.3848703752066225e+01|2.6761082578470941e+03,2.1050573654484712e+01|-1.4372432319634997e+01|2.6953617591175598e+03,7.1496717319996378e+01|-6.3162787750223671e+01|2.7300443581904547e+03,
74,-6.7460585385279742e+01|5.2502694470619666e+01|2.6580110451440723e+03,-2.0518084167253200e+01|2.3363002700126959e+01|2.6757622384358929e+03,2.1440868878144311e+01|-1.4824096112307609e+01|2.6951585410389084e+03,7.1773120403616289e+01|-6.3632749017561721e+01|2.7299721122382743e+03,
75,-6.7552288353984849e+01|5.1197097306906983e+01|2.6569348556933755e+03,-2.0503872198857529e+01|2.2324050983421238e+01|2.6749534813838395e+03,2.1529760791187783e+01|-1.5719996337153374e+01|2.6946795027521184e+03,7.1863650923020430e+01|-6.4251822424280860e+01|2.7298471642137997e+03,
76,-6.9041970673273127e+01|4.8361757880865760e+01|2.6553015852034550e+03,-2.1708341661367772e+01|2.0114900690111973e+01|2.6735521415779235e+03,2.0718394462725712e+01|-1.7365349337543755e+01|2.6935644227780672e+03,7.1560573210346860e+01|-6.5101427120891728e+01|2.7293319879297187e+03,
77,-7.1931697704204609e+01|4.3909082870003459e+01|2.6529085622901325e+03,-2.4108452143113567e+01|1.6746292570686371e+01|2.6715563629307012e+03,1.8984120554996167e+01|-1.9657955174360932e+01|2.6921226723986915e+03,7.0763982956599435e+01|-6.5995622310208390e+01|2.7286049923793921e+03,
78,-7.4646300582235838e+01|3.9645907535613830e+01|2.6507949634962074e+03,-2.6367326933839202e+01|1.3424018862766278e+01|2.6696972267402407e+03,1.7356519383007932e+01|-2.1993676827519980e+01|2.6906588398002950e+03,7.0101855518623395e+01|-6.6865213722202327e+01|2.7279246047892084e+03,
79,-7.6924422843873387e+01|3.6272264990236465e+01|2.6495645894301560e+03,-2.8265265322505879e+01|1.0793139165530095e+01|2.6685233388183469e+03,1.5889095129247362e+01|-2.3943800800011502e+01|2.6897689869973378e+03,6.9502829704796028e+01|-6.7590535295610621e+01|2.7273865014335729e+03,
80,-7.9356031283494161e+01|3.2839641294189548e+01|2.6484937547234213e+03,-3.0356957035483525e+01|8.1022309125237797e+00|2.6675565660030215e+03,1.4323110360206233e+01|-2.5954966040015407e+01|2.6890555420019700e+03,6.8776920104253207e+01|-6.8416990753658226e+01|2.7270088019695008e+03,
81,-8.2726878258333926e+01|2.8207067112643305e+01|2.6472312474392816e+03,-3.3263013769539789e+01|4.4528343426804922e+00|2.6662621997666351e+03,1.2066630221774677e+01|-2.8523427344063943e+01|2.6880609433596164e+03,6.7653722109454662e+01|-6.9348591192622322e+01|2.7265049777839108e+03,
82,-8.7240672754564571e+01|2.1735904631271609e+01|2.6453839181618432e+03,-3.7154816176602964e+01|-5.2687870361193934e-01|2.6645364656950651e+03,9.0826791347554643e+00|-3.1966580733188302e+01|2.6866250491700644e+03,6.6210952463256575e+01|-7.0500185733492160e+01|2.7256455769471568e+03,
83,-9.1286307735206691e+01|1.5375018375566716e+01|2.6434620119281935e+03,-4.0605278897701183e+01|-5.3968915268396467e+00|2.6627526148445686e+03,6.4903889336644021e+00|-3.5244374184452091e+01|2.6852586856056973e+03,6.4861444427031017e+01|-7.1544319805997645e+01|2.7249277861625601e+03,
84,-9.2710929984278380e+01|1.2838713544380635e+01|2.6425349695129244e+03,-4.1834234070589929e+01|-7.3133048865689512e+00|2.6619750725790750e+03,5.6532616792062882e+00|-3.6548772732261860e+01|2.6845781685155353e+03,6.4309645734657437e+01|-7.2024211749564230e+01|2.7247362021003487e+03,
85,-9.2810905782761225e+01|1.2563218681625793e+01|2.6424127285210625e+03,-4.1867522710776562e+01|-7.2225026800296970e+00|2.6619741995274931e+03,5.7889049747851002e+00|-3.6203364630579152e+01|2.6846135173888897e+03,6.4243886851647048e+01|-7.1869156597750020e+01|2.7249124779946228e+03,
86,-9.2848107609620754e+01|1.2137181760407877e+01|2.6419871667112757e+03,-4.1735582598877912e+01|-7.4148397602527600e+00|2.6616197414127341e+03,5.7814157153384471e+00|-3.6160476314253579e+01|2.6846333506365863e+03,6.4144426216013400e+01|-7.1912326304942951e+01|2.7251013245966074e+03,
87,-9.2878914554301730e+01|1.1485715557145406e+01|2.6414099697422175e+03,-4.1775948294365051e+01|-7.8771844230894557e+00|2.6612412233170007e+03,5.8018733804100213e+00|-3.6440944233578705e+01|2.6844462475176997e+03,6.4120931032735342e+01|-7.2089532897200769e+01|2.7249949853611874e+03,
88,-9.3162392794011438e+01|1.0382933332211834e+01|2.6405524865853004e+03,-4.2048935896621295e+01|-8.6958265174794516e+00|2.6607384960865088e+03,5.6478881885220424e+00|-3.6943025483297035e+01|2.6841394170412141e+03,6.4023281516972688e+01|-7.2234720097301519e+01|2.7249644749615741e+03,
89,-9.3990667862425070e+01|8.0196275698583506e+00|2.6390465364513889e+03,-4.2759713501604466e+01|-1.0436862358221875e+01|2.6595186273316513e+03,5.1954501154409893e+00|-3.8055918097845534e+01|2.6832377489891992e+03,6.3814991178529745e+01|-7.2413323926143804e+01|2.7246174688040674e+03,
90,-9.4998074508330035e+01|4.7338282927154580e+00|2.6371634668851311e+03,-4.3554544386670806e+01|-1.2929103552210343e+01|2.6579621427423922e+03,4.7038700269493585e+00|-3.9685996922688766e+01|2.6822031333027680e+03,6.3654648997036951e+01|-7.2853531850703689e+01|2.7241404931947036e+03,
91,-9.5715359305641115e+01|2.7165322506008529e+00|2.6362792096972203e+03,-4.4124420155335756e+01|-1.4425132860681133e+01|2.6572268335570452e+03,4.1880457176794899e+00|-4.0758640027606241e+01|2.6816841850793267e+03,6.3481030278830211e+01|-7.3183440513765248e+01|2.7239712006416321e+03,
92,-9.6194793985931398e+01|1.5721979041802354e+00|2.6358568630398186e+03,-4.4636036223623883e+01|-1.5342997114115720e+01|2.6569713134472831e+03,3.9596818142566206e+00|-4.1334029600635048e+01|2.6813611291902066e+03,6.3285672397307081e+01|-7.3421457117674379e+01|2.7239097636951306e+03,
93,-9.7187375469222957e+01|-7.2348375479481941e-01|2.6351054609456341e+03,-4.5493238364325897e+01|-1.7110510725399365e+01|2.6563366695864133e+03,3.2667238154484122e+00|-4.2598043117975436e+01|2.6809012434022657e+03,6.2954189365049970e+01|-7.3863379399499507e+01|2.7235868535290178e+03,
94,-9.8894757120202840e+01|-4.6193009154604638e+00|2.6339231001135272e+03,-4.6926701324416236e+01|-2.0140318256475414e+01|2.6552644985439206e+03,2.1229295605134899e+00|-4.4655411575005317e+01|2.6801747387596370e+03,6.2377178757281349e+01|-7.4607913019341794e+01|2.7231609237056928e+03,
95,-1.0090679547536514e+02|-9.8561351854579016e+00|2.6322524971683447e+03,-4.8673001691012381e+01|-2.4183238055886878e+01|2.6538572208508403e+03,8.3620108509174873e-01|-4.7481788422030981e+01|2.6791745677263898e+03,6.1651971171336534e+01|-7.5606371961882061e+01|2.7226867252605052e+03,
96,-1.0329287170947511e+02|-1.6999443765906278e+01|2.6301679837807883e+03,-5.0771576709314488e+01|-2.9769564262767698e+01|2.6521894060946711e+03,-7.8879677430427497e-01|-5.1448798423457333e+01|2.6779602676516556e+03,6.0812960146754683e+01|-7.7159485617334539e+01|2.7220525621978036e+03,
97,-1.0576508082491296e+02|-2.4953287016498745e+01|2.6283312429584544e+03,-5.2952731163099337e+01|-3.6015437193708244e+01|2.6505335900024379e+03,-2.4063899265044899e+00|-5.5813491406925159e+01|2.6768386767402480e+03,5.9922771749660818e+01|-7.9093687743768172e+01|2.7214297002074527e+03,
98,-1.0650423100829491e+02|-2.9545099338231065e+01|2.6268442365628002e+03,-5.3483065105129924e+01|-3.9593781349509619e+01|2.6492660630835953e+03,-2.8243660235844694e+00|-5.8479107765361555e+01|2.6760294806349261e+03,5.9742086711835633e+01|-8.0504248252172005e+01|2.7211261412643289e+03,
99,-1.0647480250059320e+02|-3.1131016461769605e+01|2.6263006125768607e+03,-5.3469255291207602e+01|-4.0956288491354314e+01|2.6487911837180645e+03,-2.6865586724666453e+00|-5.9584264768386483e+01|2.6757593868449853e+03,5.9794360834665945e+01|-8.1162812837310554e+01|2.7210270078494977e+03,
100,-1.0620816231832362e+02|-3.2004089434879852e+01|2.6256925020711624e+03,-5.3238004469239826e+01|-4.1655058120692431e+01|2.6483193070510274e+03,-2.4457207624732415e+00|-6.0104575426411238e+01|2.6755542110735100e+03,5.9974678655182110e+01|-8.1590259566283237e+01|2.7209008438421170e+03,
101,-1.0594576101105007e+02|-3.3159121297975901e+01|2.6246652215074600e+03,-5.2967101860340470e+01|-4.2569322509325190e+01|2.6476297393213526e+03,-2.1392426096588917e+00|-6.0727944518692844e+01|2.6749644350134740e+03,6.0068433058790781e+01|-8.1846244301090792e+01|2.7208157290835225e+03,
102,-1.0607057142815128e+02|-3.7121740373424473e+01|2.6224544856773368e+03,-5.3083412571038011e+01|-4.5624806984535134e+01|2.6459686398919198e+03,-2.1967393416465337e+00|-6.2704704185369572e+01|2.6739520669193853e+03,5.9994163284207886e+01|-8.2577515327875460e+01|2.7203770123206341e+03,
103,-1.0732607555794178e+02|-4.5457182136902006e+01|2.6199184152390139e+03,-5.4148631872935418e+01|-5.1980800697616935e+01|2.6438315634640626e+03,-3.0088355750831695e+00|-6.6998048040284630e+01|2.6723733129775633e+03,5.9544978539167481e+01|-8.4184530206539009e+01|2.7194756491958046e+03,
104,-1.0919635415312565e+02|-5.5067410808565612e+01|2.6182970929248113e+03,-5.5818145706699511e+01|-5.9260559170732002e+01|2.6422344297534742e+03,-4.2541550013459535e+00|-7.2128903633659291e+01|2.6711248143563603e+03,5.8928455147851658e+01|-8.6326817138848952e+01|2.7187545706532942e+03,
105,-1.1050783457119317e+02|-6.2031883787359320e+01|2.6175168391663378e+03,-5.7004622760394099e+01|-6.4649821050449162e+01|2.6414431119941360e+03,-5.1398335322945377e+00|-7.6003676672383421e+01|2.6705882482426737e+03,5.8435967344335801e+01|-8.8174586697500445e+01|2.7182263529950201e+03,
106,-1.1168096176621852e+02|-6.6402087063856641e+01|2.6176261441313636e+03,-5.8054599698661107e+01|-6.8073255484774847e+01|2.6414170356939794e+03,-5.8523588779172471e+00|-7.8495616822523701e+01|2.6704561909291961e+03,5.7901335735761215e+01|-8.9574394054165865e+01|2.7182460408378579e+03,
107,-1.1257547860843664e+02|-6.9322888269501462e+01|2.6178924972631198e+03,-5.8821885464722776e+01|-7.0463229939429013e+01|2.6416027248543019e+03,-6.5218638184770130e+00|-8.0303875296256223e+01|2.6704608535476095e+03,5.7489408149439242e+01|-9.0746711099943184e+01|2.7182872940839402e+03,
108,-1.1319081900569664e+02|-7.1446773017931108e+01|2.6180825815136354e+03,-5.9468430874615422e+01|-7.2309815227827841e+01|2.6418850992938337e+03,-7.0911270491031715e+00|-8.1823182247479210e+01|2.6706270753489994e+03,5.7099258198453889e+01|-9.1781408821160312e+01|2.7183650169538960e+03,
109,-1.1391585350867604e+02|-7.3288347171845842e+01|2.6184032891239849e+03,-6.0120826851121052e+01|-7.3959672855320420e+01|2.6419915183152029e+03,-7.6847884249443146e+00|-8.3149853180487085e+01|2.6708291302395078e+03,5.6625737751730632e+01|-9.2624102701058206e+01|2.7183942477275027e+03,
110,-1.1485949834346661e+02|-7.5748855843960399e+01|2.6188604459326325e+03,-6.1035553660870178e+01|-7.6038864274207512e+01|2.6421675732480039e+03,-8.4132406393780386e+00|-8.4787431001626999e+01|2.6709839954277350e+03,5.6104113610054213e+01|-9.3510615853530950e+01|2.7183464066175029e+03,
111,-1.1535146830898732e+02|-7.8033666697513212e+01|2.6187769385725474e+03,-6.1546731719044040e+01|-7.7807381653433126e+01|2.6422677538656030e+03,-8.8557187252753096e+00|-8.6150335293611136e+01|2.6709221367295768e+03,5.5816255985887643e+01|-9.4300408940079762e+01|2.7183158129012022e+03,
112,-1.1552316348283615e+02|-7.9319654101427744e+01|2.6186715061006480e+03,-6.1686093739520054e+01|-7.8857325927301687e+01|2.6421487267437942e+03,-8.9794767326648888e+00|-8.6929653430154602e+01|2.6708877145391971e+03,5.5668509205651347e+01|-9.4812360483462498e+01|2.7184053567885626e+03,
113,-1.1553209488353085e+02|-8.1625533147523441e+01|2.6181797038667632e+03,-6.1727855730558893e+01|-8.0606356372455224e+01|2.6418142806862788e+03,-9.0485936766929065e+00|-8.8209214932429205e+01|2.6706598562993076e+03,5.5525376552628288e+01|-9.5477424085404323e+01|2.7184123471936155e+03,
114,-1.1552534863671363e+02|-8.5430242024228235e+01|2.6174593902846250e+03,-6.1777364577443230e+01|-8.3668903142613615e+01|2.6412139512532908e+03,-9.0586182134293907e+00|-9.0374602265081123e+01|2.6703558837880651e+03,5.5415083310241975e+01|-9.6588366317503031e+01|2.7182960275930882e+03,
115,-1.1524298221800635e+02|-8.9607547127408850e+01|2.6164311516986081e+03,-6.1649750906750896e+01|-8.6956576300696540e+01|2.6405005123992964e+03,-8.9622033772234353e+00|-9.2750719332940761e+01|2.6698231550581563e+03,5.5399509321941053e+01|-9.7743001447720687e+01|2.7182021919838157e+03,
116,-1.1460962517425583e+02|-9.3585454256093172e+01|2.6150584304190079e+03,-6.1134900110712969e+01|-9.0133402088522871e+01|2.6394894044214075e+03,-8.6459304861675221e+00|-9.4954288423485707e+01|2.6693420048534231e+03,5.5517762709721964e+01|-9.8793097258836383e+01|2.7179553324901917e+03,
117,-1.1360410564230602e+02|-9.7055428164039867e+01|2.6130848996688655e+03,-6.0311441220558059e+01|-9.3080657385902583e+01|2.6381848797027683e+03,-7.9912866916232197e+00|-9.7293262457401610e+01|2.6685775376715756e+03,5.5733986865899148e+01|-9.9873614033402347e+01|2.7178428859598989e+03,
118,-1.1212986183975829e+02|-9.9686817175985283e+01|2.6107757653948324e+03,-5.9144428372011419e+01|-9.5671284393413785e+01|2.6366563553841720e+03,-7.1770052649531921e+00|-9.9588398713682693e+01|2.6678995744309477e+03,5.5925897912531909e+01|-1.0106481525874869e+02|2.7177551327733290e+03,
119,-1.1059913665981574e+02|-1.0177115166337983e+02|2.6085136140067320e+03,-5.7924408239223318e+01|-9.7891409877106838e+01|2.6351566222638821e+03,-6.3204162633253258e+00|-1.0170545470831780e+02|2.6673071959305353e+03,5.6190495023046786e+01|-1.0214006935915918e+02|2.7176926654904732e+03,
120,-1.0963311085046386e+02|-1.0330905660968206e+02|2.6070968866768653e+03,-5.7177461809123727e+01|-9.9615270470831717e+01|2.6343374625741458e+03,-5.7877715050102339e+00|-1.0345935269425546e+02|2.6669265889511139e+03,5.6368582881644485e+01|-1.0304787286488984e+02|2.7177436449846300e+03,
121,-1.0967746398434802e+02|-1.0411453821065217e+02|2.6070383109011541e+03,-5.7316356868515506e+01|-1.0059949170212045e+02|2.6343493526708235e+03,-5.9469205575562194e+00|-1.0444505378698014e+02|2.6670478015405124e+03,5.6240289631859532e+01|-1.0365222465062180e+02|2.7177832367621077e+03,
122,-1.1022510256303012e+02|-1.0412397989025044e+02|2.6074361200151643e+03,-5.7848316543752574e+01|-1.0080429888375197e+02|2.6346946479693715e+03,-6.3587676820822878e+00|-1.0479706019619270e+02|2.6671874168624568e+03,5.5978216239800560e+01|-1.0399490133062055e+02|2.7177935969658934e+03,
123,-1.1110826295816177e+02|-1.0343513671915169e+02|2.6083790052968857e+03,-5.8632765979931143e+01|-1.0042204573598791e+02|2.6353991975284112e+03,-6.9990150717966557e+00|-1.0465657136341633e+02|2.6675043662207158e+03,5.5593633236447303e+01|-1.0405246746346499e+02|2.7178381222336966e+03,
124,-1.1212460132099892e+02|-1.0229670208174664e+02|2.6093359086517116e+03,-5.9559171854903802e+01|-9.9631014184778351e+01|2.6361729379343315e+03,-7.8217055372808160e+00|-1.0425415289950607e+02|2.6679660942413398e+03,5.5191073391405205e+01|-1.0392783118623021e+02|2.7179170048226524e+03,
125,-1.1294251592167278e+02|-1.0118628149159176e+02|2.6101984080180573e+03,-6.0258576236691013e+01|-9.8921220751581089e+01|2.6367816304815992e+03,-8.4754091245809544e+00|-1.0375371008592099e+02|2.6683227108507949e+03,5.4750622851191530e+01|-1.0373893101058303e+02|2.7179602562211830e+03,
126,-1.1378757911454225e+02|-1.0035236936770920e+02|2.6110895231277882e+03,-6.1082492835013959e+01|-9.8158792395084262e+01|2.6373621055363988e+03,-9.0782278704681296e+00|-1.0333639268560474e+02|2.6686087000791204e+03,5.4428241085874561e+01|-1.0354700745015728e+02|2.7179673038256328e+03,
127,-1.1475426355438150e+02|-9.9257113377946382e+01|2.6120461620207589e+03,-6.1804578046310667e+01|-9.7450781713942646e+01|2.6378968023334874e+03,-9.7472037552139454e+00|-1.0292154096748892e+02|2.6689916184142430e+03,5.4114879225484657e+01|-1.0336195915627184e+02|2.7179505741433391e+03,
128,-1.1550199770129834e+02|-9.8261360460430026e+01|2.6129623430352217e+03,-6.2477464945266682e+01|-9.6744040627022954e+01|2.6386069231207434e+03,-1.0329559445674176e+01|-1.0249551717063720e+02|2.6693920251766640e+03,5.3764803405921249e+01|-1.0326169913599053e+02|2.7180235545437176e+03,
129,-1.1615884109410595e+02|-9.7194488064269564e+01|2.6137960931741518e+03,-6.2960591758119463e+01|-9.5968049567589972e+01|2.6391158343147094e+03,-1.0775858729313812e+01|-1.0202437446037986e+02|2.6697017775938589e+03,5.3496194810522880e+01|-1.0313868088185835e+02|2.7181218216014363e+03,
130,-1.1666759616204646e+02|-9.5855067602205665e+01|2.6144487475279434e+03,-6.3553543429290642e+01|-9.4925833303425208e+01|2.6396728312575096e+03,-1.1133795145780640e+01|-1.0133861431801773e+02|2.6698997683951980e+03,5.3221082865288246e+01|-1.0283067795593914e+02|2.7183705836851614e+03,
131,-1.1706843797016552e+02|-9.4280514315406165e+01|2.6151016918784326e+03,-6.3851251152353733e+01|-9.3739824728587621e+01|2.6400796690888260e+03,-1.1428008558491412e+01|-1.0054228888902448e+02|2.6702714167923186e+03,5.3155996504107925e+01|-1.0240908933629402e+02|2.7184059760905766e+03,
132,-1.1719249037052857e+02|-9.2444109755482927e+01|2.6154287336116408e+03,-6.3968714918313715e+01|-9.2407912679714300e+01|2.6404439258245175e+03,-1.1582786295978785e+01|-9.9628211074129993e+01|2.6705490091156294e+03,5.3089537384915573e+01|-1.0200296547369155e+02|2.7184839148854139e+03,
133,-1.1702751730465012e+02|-8.8852276559800842e+01|2.6159067458332293e+03,-6.3994127220523879e+01|-9.0309330658122292e+01|2.6410269425986953e+03,-1.1653466783116329e+01|-9.8848906240530511e+01|2.6708928466683510e+03,5.3170884575204894e+01|-1.0179614363070905e+02|2.7186006573059331e+03,
134,-1.1673159301526701e+02|-8.4195941194725080e+01|2.6166816489561729e+03,-6.3754527865725592e+01|-8.7688157022161690e+01|2.6416936565618607e+03,-1.1689493077964679e+01|-9.7905535971469845e+01|2.6714658534383766e+03,5.3195785867391585e+01|-1.0168719199958429e+02|2.7188397748305401e+03,
135,-1.1628564558836072e+02|-7.9730682534521705e+01|2.6173627922908840e+03,-6.3552865764647180e+01|-8.5233862659359886e+01|2.6424868278346871e+03,-1.1780282396045875e+01|-9.7053044035060921e+01|2.6719841118267786e+03,5.3194558225096770e+01|-1.0159441744756924e+02|2.7190512737569561e+03,
136,-1.1592695259302199e+02|-7.6148969733719795e+01|2.6180209741010754e+03,-6.3283607101268935e+01|-8.3269319162030627e+01|2.6430683079437022e+03,-1.1832807448405223e+01|-9.6448999849680376e+01|2.6725181316446115e+03,5.3187580728447706e+01|-1.0155320420337233e+02|2.7192793992824286e+03,
137,-1.1552788753474087e+02|-7.3465621192676124e+01|2.6184947765563152e+03,-6.3106350149171128e+01|-8.2002406494371726e+01|2.6433994106605451e+03,-1.1894828012267006e+01|-9.6151313787185828e+01|2.6728322013131010e+03,5.3188568118633377e+01|-1.0157803058045960e+02|2.7194913028559213e+03,
138,-1.1513361953663973e+02|-7.1552907974200735e+01|2.6186496642081888e+03,-6.2910789165165575e+01|-8.1126026921986679e+01|2.6437690372701873e+03,-1.1877053823296434e+01|-9.6117721757993294e+01|2.6730296158534165e+03,5.3116945959701717e+01|-1.0163765891946738e+02|2.7195969152975481e+03,
139,-1.1440045779431870e+02|-6.9625668411257251e+01|2.6185223656307439e+03,-6.2420331922078525e+01|-8.0436647354622721e+01|2.6438165733669830e+03,-1.1654080925994787e+01|-9.6224010009760136e+01|2.6730887613403388e+03,5.3176504121869080e+01|-1.0173675479522910e+02|2.7196269883488612e+03,
140,-1.1306873492207043e+02|-6.7029700188581032e+01|2.6182081295787639e+03,-6.1674586415118036e+01|-7.9545303730040374e+01|2.6436942256676139e+03,-1.1323574210453927e+01|-9.6448693980948960e+01|2.6730252297494753e+03,5.3315330429754574e+01|-1.0190743742870926e+02|2.7196692009347585e+03,
141,-1.1111045846903275e+02|-6.2822772804072542e+01|2.6181859260085394e+03,-6.0551625618547611e+01|-7.8005792015942546e+01|2.6438455754143429e+03,-1.0889004324161370e+01|-9.6600382452534745e+01|2.6729835924099984e+03,5.3523184310505776e+01|-1.0216462697004748e+02|2.7197430276760019e+03,
142,-1.0915233357961075e+02|-5.7554241641498351e+01|2.6189740796475862e+03,-5.9622111384249543e+01|-7.5851736270452648e+01|2.6445230032910881e+03,-1.0589529203972910e+01|-9.6390895575453911e+01|2.6732112196136072e+03,5.3551009173583488e+01|-1.0223338703065285e+02|2.7198463299802265e+03,
143,-1.0744995294035428e+02|-5.2374948141779932e+01|2.6204412108300021e+03,-5.8939280197743919e+01|-7.3535213279267609e+01|2.6455347694094139e+03,-1.0725000271713022e+01|-9.5955286072596977e+01|2.6736921182221968e+03,5.3373140188028358e+01|-1.0224358195400100e+02|2.7200992990367822e+03,
144,-1.0596019482008735e+02|-4.8140938828212803e+01|2.6218779814325712e+03,-5.8350041521646503e+01|-7.1702619269272660e+01|2.6464665788587531e+03,-1.0671811704096086e+01|-9.5573617517654583e+01|2.6741557331128070e+03,5.3291949594183457e+01|-1.0231330387641820e+02|2.7202551768528569e+03,
145,-1.0451996526889835e+02|-4.5414616744093820e+01|2.6226098827600945e+03,-5.7735769591223068e+01|-7.0635976759728081e+01|2.6469378122872763e+03,-1.0511395452927552e+01|-9.5571467785427615e+01|2.6744544543513039e+03,5.3400171081163371e+01|-1.0249950887127748e+02|2.7202614443921584e+03,
146,-1.0318290466185019e+02|-4.3706875616570713e+01|2.6230224483852612e+03,-5.7058335898851233e+01|-7.0205735532170451e+01|2.6471513512389597e+03,-1.0316155763990272e+01|-9.5903074710974622e+01|2.6744831798472133e+03,5.3440644366783729e+01|-1.0268301957833975e+02|2.7203851158078714e+03,
147,-1.0146410247247429e+02|-4.1734743885056290e+01|2.6235208627434213e+03,-5.6163400125433448e+01|-6.9874446411723056e+01|2.6473677824527335e+03,-9.9400765115685719e+00|-9.6420584610591661e+01|2.6744574289832735e+03,5.3610978961733181e+01|-1.0299475533642229e+02|2.7205516382747974e+03,
148,-9.9001860651275919e+01|-3.8652304022897077e+01|2.6245873327305085e+03,-5.4976090498320445e+01|-6.9005393443832048e+01|2.6478613606664121e+03,-9.5765804375315291e+00|-9.6827059158659111e+01|2.6747003631403431e+03,5.3724555628093164e+01|-1.0318134398627116e+02|2.7206988877112362e+03,
149,-9.5782193512786165e+01|-3.4704852327831411e+01|2.6261057946487540e+03,-5.3533557840511783e+01|-6.7750075076514037e+01|2.6485623098943647e+03,-9.0602492578903391e+00|-9.7036631230260397e+01|2.6747915988896143e+03,5.3886571536133253e+01|-1.0343115794081993e+02|2.7208610605705690e+03,
150,-9.2478629923423213e+01|-3.0953069108214365e+01|2.6276611411097947e+03,-5.2093252936461646e+01|-6.6536867552876458e+01|2.6493209118888353e+03,-8.5978414187626431e+00|-9.7205436564932612e+01|2.6749171516627721e+03,5.4047484716562757e+01|-1.0363190024564973e+02|2.7210685408162003e+03,
151,-8.9746653456872778e+01|-2.8075651889725215e+01|2.6289599092117242e+03,-5.0887512259997976e+01|-6.5723496510490591e+01|2.6499176975801192e+03,-8.1651202866879444e+00|-9.7452092439300614e+01|2.6749130417240635e+03,5.4093797195301036e+01|-1.0372082817618825e+02|2.7212487752484117e+03,
152,-8.7753945418739903e+01|-2.6112768779841815e+01|2.6302535217282489e+03,-5.0136811338970801e+01|-6.5289758428706449e+01|2.6505903250189049e+03,-7.9816103684222446e+00|-9.7761527176770613e+01|2.6751640477768769e+03,5.3987928088939469e+01|-1.0382640615991514e+02|2.7214652782247449e+03,
153,-8.6402486643252900e+01|-2.5022722741469593e+01|2.6310395644703399e+03,-4.9585612188009151e+01|-6.5157395800764405e+01|2.6509764673461946e+03,-7.9508306909282842e+00|-9.8015130364063609e+01|2.6754342144676011e+03,5.3948575536491418e+01|-1.0397863287101033e+02|2.7216910893428690e+03,
154,-8.4141310979648111e+01|-2.3023389122570823e+01|2.6329680091660002e+03,-4.8895083287069873e+01|-6.4874505759400122e+01|2.6517475736278061e+03,-7.9479266142173524e+00|-9.8583103101804497e+01|2.6757235138327901e+03,5.3823604545264921e+01|-1.0435862954008185e+02|2.7219447346595621e+03,
155,-7.9444497018073534e+01|-1.8515570542424456e+01|2.6368032601815735e+03,-4.7467137382303648e+01|-6.3362410112883673e+01|2.6536487224940511e+03,-7.9647912663137390e+00|-9.8676872126158429e+01|2.6762428025048521e+03,5.3633035955224479e+01|-1.0474113249558926e+02|2.7221680877735016e+03,
156,-7.3996236936995487e+01|-1.3484938617055761e+01|2.6415003923359341e+03,-4.5673915038617878e+01|-6.1295268767048839e+01|2.6557156926509792e+03,-7.9945310711982076e+00|-9.8435525188432180e+01|2.6768724773301692e+03,5.3405588089169981e+01|-1.0496967094645656e+02|2.7224732738188154e+03,
157,-6.8950231838161528e+01|-9.5297442438548039e+00|2.6457220343695440e+03,-4.4166315323803182e+01|-5.9703541742082756e+01|2.6575636231319709e+03,-7.8759647265086130e+00|-9.8117274060350610e+01|2.6774370632302853e+03,5.3230237878050119e+01|-1.0512802907744812e+02|2.7228441772256024e+03,
158,-6.4895694643898210e+01|-6.8902126174423994e+00|2.6488007311948095e+03,-4.2894461383433331e+01|-5.8694617674401847e+01|2.6587511157284462e+03,-7.8413132000619452e+00|-9.7999197855332156e+01|2.6778182965844894e+03,5.3136791276084629e+01|-1.0517974353550774e+02|2.7230620791010515e+03,
159,-6.1999370225963425e+01|-5.1399488118108865e+00|2.6510827338903300e+03,-4.2092112496989678e+01|-5.7988851132061342e+01|2.6595933667897025e+03,-7.9649356514662362e+00|-9.7903377347191764e+01|2.6783265113510147e+03,5.3006341507780760e+01|-1.0512328305077418e+02|2.7232809017211634e+03,
160,-6.0106528527102121e+01|-3.9517806099359896e+00|2.6527006065403057e+03,-4.1593607718965849e+01|-5.7391266409169432e+01|2.6603506233064777e+03,-8.1159013560030910e+00|-9.7743467872918927e+01|2.6786595125216954e+03,5.2845856692278367e+01|-1.0503522570011278e+02|2.7234352374955515e+03,
161,-5.7278631347684865e+01|-2.4495146972481567e+00|2.6554276584980148e+03,-4.1011465293888904e+01|-5.6754847241499291e+01|2.6614763578680063e+03,-8.2571865802877262e+00|-9.7591553953126379e+01|2.6789093104918816e+03,5.2552531919941380e+01|-1.0490938479051907e+02|2.7235889587553406e+03,
162,-5.1480813738934401e+01|1.6295271037170211e-01|2.6604483385011181e+03,-3.9467991031151968e+01|-5.5177309270777450e+01|2.6636301066560650e+03,-8.5022738339905377e+00|-9.7124045871624645e+01|2.6795577872714257e+03,5.2234009231493168e+01|-1.0487392899585403e+02|2.7237339618060878e+03,
163,-4.5274728734997247e+01|2.2913965843347053e+00|2.6655164610659454e+03,-3.7730692975936044e+01|-5.3703423914351653e+01|2.6658120236208902e+03,-8.8310189770378695e+00|-9.6623702156073392e+01|2.6802978281966011e+03,5.1887040913574253e+01|-1.0483792098841175e+02|2.7239382543669849e+03,
164,-4.0074930242522029e+01|3.2595556824765368e+00|2.6695709019503852e+03,-3.6333828331334715e+01|-5.2963274782845154e+01|2.6673800522538554e+03,-8.9583400101196453e+00|-9.6577178926662683e+01|2.6807489383110169e+03,5.1648440677000238e+01|-1.0496760986756351e+02|2.7242408597126418e+03,
165,-3.6293536497151379e+01|3.2810218959651873e+00|2.6724165844802837e+03,-3.5321968428936991e+01|-5.2912546473177521e+01|2.6683969111109177e+03,-9.1820761834516471e+00|-9.6859194334184792e+01|2.6810586599652752e+03,5.1402362636123947e+01|-1.0516052046802481e+02|2.7244752064749919e+03,
166,-3.3853265368667685e+01|3.0145178767742871e+00|2.6741931828171928e+03,-3.4811539106973697e+01|-5.3029738380122517e+01|2.6690983673113224e+03,-9.3835276070498619e+00|-9.7201012626952789e+01|2.6814085494325000e+03,5.1246296104292398e+01|-1.0529383112326886e+02|2.7245313081554077e+03,
167,-3.2932264451961458e+01|2.7056044532363517e+00|2.6748799840301604e+03,-3.4681735128378442e+01|-5.3363321278690663e+01|2.6693611198367189e+03,-9.5196657112414034e+00|-9.7500838320904123e+01|2.6814791600424164e+03,5.1227806571474339e+01|-1.0534850276351625e+02|2.7246043385893172e+03,
168,-3.2590556516643566e+01|2.3154435779542495e+00|2.6751161114012689e+03,-3.4621559110762931e+01|-5.3678866096702357e+01|2.6694163896293626e+03,-9.4950532850912595e+00|-9.7779671855640828e+01|2.6814565118141709e+03,5.1161890582971651e+01|-1.0543367552849290e+02|2.7247026410864132e+03,
169,-3.1261109537960383e+01|2.4557745433990679e+00|2.6764638880563330e+03,-3.4334547399970774e+01|-5.3391906631427275e+01|2.6699380101628981e+03,-9.5681751971458908e+00|-9.7594571861557895e+01|2.6817086887009395e+03,5.1028756815565217e+01|-1.0544622354704839e+02|2.7248512529206077e+03,
170,-2.9024875455006910e+01|2.5924755800184904e+00|2.6783539636952851e+03,-3.3768065833494774e+01|-5.2922390960902177e+01|2.6707943685786154e+03,-9.6743888574428585e+00|-9.7309982188144815e+01|2.6819326306975472e+03,5.0864482479771027e+01|-1.0533703803199653e+02|2.7249634683689319e+03,
171,-2.6817943633727666e+01|2.3958895643070952e+00|2.6801632241409839e+03,-3.3291875269808671e+01|-5.2676225801831407e+01|2.6715213353354766e+03,-9.7173184783829161e+00|-9.7291633363252288e+01|2.6821549607038232e+03,5.0721793406621700e+01|-1.0540454394697048e+02|2.7250985832546712e+03,
172,-2.5167179675578403e+01|2.1858395126484251e+00|2.6813540894124994e+03,-3.2898728853922194e+01|-5.2598625912853855e+01|2.6720707797406671e+03,-9.8425797949887901e+00|-9.7354151620962142e+01|2.6823422990261947e+03,5.0579837438225489e+01|-1.0549495697976020e+02|2.7251803972474900e+03,
173,-2.4310667802452492e+01|2.0281018954906220e+00|2.6819575461052418e+03,-3.2729206248128364e+01|-5.2616873540375089e+01|2.6722939075650206e+03,-9.9317870751258432e+00|-9.7375958251518881e+01|2.6824788755853506e+03,5.0503430821334632e+01|-1.0549720680322453e+02|2.7252479194734133e+03,
174,-2.2691796112201168e+01|1.8087535800120458e+00|2.6834077080885463e+03,-3.2287837373033057e+01|-5.2503147675896763e+01|2.6727008683728400e+03,-9.9901858129449792e+00|-9.7303629538468186e+01|2.6825818342017374e+03,5.0407208854044576e+01|-1.0548124327609172e+02|2.7252998639510547e+03,
175,-1.8692740950284531e+01|1.3009778394336391e+00|2.6868182429288286e+03,-3.1202673168844754e+01|-5.1810545086568588e+01|2.6741731712797141e+03,-1.0182450373438090e+01|-9.6964425617492921e+01|2.6829474672084175e+03,5.0146711665965540e+01|-1.0541981718050471e+02|2.7253348369391374e+03,
176,-1.4070904924772583e+01|1.3789053155522524e-01|2.6902814224050567e+03,-2.9882179789755710e+01|-5.1376779206459069e+01|2.6754804459873558e+03,-1.0505293884354927e+01|-9.6828457496114225e+01|2.6833916368699001e+03,4.9891670424058987e+01|-1.0544448320161570e+02|2.7254998820756578e+03,
177,-1.0199430487988598e+01|-1.5253367705400009e+00|2.6927860198630924e+03,-2.8912164867213114e+01|-5.1438540205738640e+01|2.6765311260515086e+03,-1.0786995312170299e+01|-9.7022790639823398e+01|2.6837305575384644e+03,4.9613483305875377e+01|-1.0565913308302605e+02|2.7255861510482291e+03,
178,-7.5134765827846151e+00|-3.1344213129674410e+00|2.6941483500748818e+03,-2.8397122128405428e+01|-5.1804762411914211e+01|2.6772269151067749e+03,-1.0998770498678896e+01|-9.7371676156175511e+01|2.6839316756811550e+03,4.9459898983808742e+01|-1.0586337331723668e+02|2.7254610835928756e+03,
179,-5.9926842449542495e+00|-4.2611760196677633e+00|2.6947660162042876e+03,-2.8112559714606476e+01|-5.2181080494661359e+01|2.6775415134636437e+03,-1.1168133187929538e+01|-9.7785980933674111e+01|2.6840154345292690e+03,4.9280917386884610e+01|-1.0602442786537334e+02|2.7254064045877944e+03,
180,-6.0012030105396859e+00|-4.7943928949398673e+00|2.6949007259219538e+03,-2.8209780452463750e+01|-5.2528732435812387e+01|2.6772974998357386e+03,-1.1311726106922304e+01|-9.8030224805917314e+01|2.6839721235361490e+03,4.9211997949212254e+01|-1.0610927273710156e+02|2.7254919264314681e+03,
181,-6.6781933513115153e+00|-5.0344908071530128e+00|2.6947950894688356e+03,-2.8653288521185900e+01|-5.2927287305768225e+01|2.6771156152711633e+03,-1.1466962461582476e+01|-9.8343486392500523e+01|2.6838993836275704e+03,4.9103231993836779e+01|-1.0615650418730769e+02|2.7255287453587312e+03,
182,-6.1475023644974769e+00|-5.2131892650735425e+00|2.6952694724220437e+03,-2.8587929303589849e+01|-5.2706934464593978e+01|2.6775330049261643e+03,-1.1599841673233339e+01|-9.8188448632025555e+01|2.6841348550647044e+03,4.8893897629496607e+01|-1.0610718965206026e+02|2.7256066608814604e+03,
183,-4.9919428458333392e+00|-5.6331229729980592e+00|2.6958510185269502e+03,-2.8344397508602285e+01|-5.2530541442133568e+01|2.6781017260248691e+03,-1.1892797085818971e+01|-9.8073786536110646e+01|2.6843571834867889e+03,4.8751475187636188e+01|-1.0607240981934183e+02|2.7256690868195792e+03,
184,-4.0204809044361509e+00|-6.2526418328731932e+00|2.6961169919284685e+03,-2.8161693922425250e+01|-5.2616556062328335e+01|2.6784600313834908e+03,-1.1999726361264914e+01|-9.8157467964454113e+01|2.6845179075600972e+03,4.8640212024704404e+01|-1.0618795874827252e+02|2.7256471563970113e+03,
185,-3.6025028519300282e+00|-6.5163719514524532e+00|2.6961785009908722e+03,-2.8103055732739882e+01|-5.2570532365237966e+01|2.6784087892485159e+03,-1.2046599719860408e+01|-9.8142867236887383e+01|2.6843848169662870e+03,4.8546063082730406e+01|-1.0610452659814842e+02|2.7255911500455240e+03,
186,-4.0869611396670562e+00|-6.3338442598003208e+00|2.6958162309672653e+03,-2.8288531054029679e+01|-5.2606546609478592e+01|2.6780692566885009e+03,-1.2152573807003744e+01|-9.8128049812904251e+01|2.6841790461710420e+03,4.8499761869693309e+01|-1.0595248965208442e+02|2.7254960465883355e+03,
187,-5.7122150322526899e+00|-5.7621495719986360e+00|2.6952599145790973e+03,-2.8944753927982557e+01|-5.2758530932222392e+01|2.6773776058483086e+03,-1.2206675063778389e+01|-9.8140191953696473e+01|2.6840128103139482e+03,4.8475581051543344e+01|-1.0573266811765242e+02|2.7254406631170150e+03,
188,-6.3902329510341929e+00|-5.2817980289927435e+00|2.6951377975942519e+03,-2.9229027483221092e+01|-5.2457224831468821e+01|2.6771625881590303e+03,-1.2278808492908091e+01|-9.7806034660077344e+01|2.6837958637914212e+03,4.8346148362736827e+01|-1.0538084572054524e+02|2.7254398491479733e+03,
189,-5.0936936499834919e+00|-5.1636535613230921e+00|2.6958487870412391e+03,-2.8884526291229854e+01|-5.1699110843676792e+01|2.6777883791311374e+03,-1.2514594965233208e+01|-9.7084102081496866e+01|2.6840563504560173e+03,4.8166666661706323e+01|-1.0500406070340517e+02|2.7252863479803850e+03,
190,-2.4716620795991240e+00|-5.7710599357184043e+00|2.6968244656740367e+03,-2.8144613652452666e+01|-5.0857213794224116e+01|2.6788379485198807e+03,-1.2765496061319196e+01|-9.6360454073912251e+01|2.6843424131645761e+03,4.7850221583367535e+01|-1.0477719523320782e+02|2.7254092249145679e+03,
191,2.8802080586045609e-02|-7.4263565049513200e+00|2.6979070635347102e+03,-2.7466444655900020e+01|-5.0602574117738435e+01|2.6795891151992300e+03,-1.2977714375339399e+01|-9.6158195275283134e+01|2.6845985519071905e+03,4.7675693856407932e+01|-1.0477048777678843e+02|2.7253778340064046e+03,
192,1.8407298720628973e+00|-9.2032150186196464e+00|2.6986633172640477e+03,-2.6934366734322424e+01|-5.0705049644235523e+01|2.6800727792494490e+03,-1.3159312114236599e+01|-9.6358580208343781e+01|2.6847557538803426e+03,4.7471465204432278e+01|-1.0495123590715177e+02|2.7253663514015780e+03,
193,2.7079848405584150e+00|-1.0154454977498677e+01|2.6989343307059830e+03,-2.6723532875211571e+01|-5.0892772742549596e+01|2.6802834009659873e+03,-1.3271417522469678e+01|-9.6492468412732038e+01|2.6848029424076440e+03,4.7384594279113792e+01|-1.0505974511242187e+02|2.7253890751742420e+03,
194,2.3025098391026217e+00|-1.0140045189559821e+01|2.6987208956437175e+03,-2.6976982466191522e+01|-5.1250758824298025e+01|2.6801088074740965e+03,-1.3280195307492539e+01|-9.6734457414984377e+01|2.6845986363401867e+03,4.7417191199936745e+01|-1.0511351127879927e+02|2.7253193262265304e+03,
195,2.0922066926622174e-01|-9.0364438184296620e+00|2.6979262271956195e+03,-2.7795873820918899e+01|-5.1666420026167359e+01|2.6793216911107806e+03,-1.3251022662628312e+01|-9.7071447115383492e+01|2.6844265095612727e+03,4.7448437057099667e+01|-1.0516135648186324e+02|2.7253595526748486e+03,
196,-2.5356660723264475e+00|-7.6283013896161789e+00|2.6969736809868746e+03,-2.8675594529335157e+01|-5.1953560786075009e+01|2.6785174052810080e+03,-1.3229731497430386e+01|-9.7314380474916092e+01|2.6842362832905055e+03,4.7441993714868197e+01|-1.0507114314936184e+02|2.7255461511605749e+03,
197,-5.2338769320887906e+00|-6.2082870612795205e+00|2.6960499363750914e+03,-2.9524002791425350e+01|-5.2121132121291730e+01|2.6777578485854360e+03,-1.3229006067618162e+01|-9.7388058705744470e+01|2.6842609156252588e+03,4.7495284501454606e+01|-1.0496191479272163e+02|2.7255272072019820e+03,
198,-7.9717816734264240e+00|-4.8322512480755373e+00|2.6948570818332087e+03,-3.0429403486892046e+01|-5.2214013900501556e+01|2.6771084419795538e+03,-1.3178818095723717e+01|-9.7382083156713904e+01|2.6841466761320744e+03,4.7572763511787656e+01|-1.0478801195110036e+02|2.7256445571160257e+03,
199,-1.1272290751217726e+01|-3.4515305725900278e+00|2.6929083454891979e+03,-3.1513176665690761e+01|-5.2413032029392589e+01|2.6762740593638327e+03,-1.3187811818551427e+01|-9.7405603553276919e+01|2.6839918720334022e+03,4.7563594348397849e+01|-1.0455603348219262e+02|2.7257552516692535e+03,
200,-1.5570207326097890e+01|-2.0343781646102235e+00|2.6902174034379773e+03,-3.2832738121798258e+01|-5.2688205187008272e+01|2.6753058027171051e+03,-1.3312999608846722e+01|-9.7516485393760092e+01|2.6839749063034428e+03,4.7591423485716938e+01|-1.0442635851911636e+02|2.7259941904006341e+03,
201,-2.0495077472390914e+01|-7.9367368306648345e-01|2.6871306807701749e+03,-3.4424631704108435e+01|-5.3053397763145256e+01|2.6743251292153182e+03,-1.3381464700305573e+01|-9.7604550811608917e+01|2.6839329190658277e+03,4.7596940052916054e+01|-1.0426397058167089e+02|2.7261394352031812e+03,
202,-2.3014976847980527e+01|-1.2964420531011450e-01|2.6859526091573002e+03,-3.5311865623171535e+01|-5.3182106785274520e+01|2.6740439862194789e+03,-1.3439366412301888e+01|-9.7603324667650270e+01|2.6840311450674926e+03,4.7470018745275631e+01|-1.0417699381682429e+02|2.7264057108929687e+03,
203,-2.3421721119263474e+01|6.2860578189908234e-01|2.6861871517065729e+03,-3.5434524037300463e+01|-5.2502495891735904e+01|2.6744080275631063e+03,-1.3561233741334807e+01|-9.6990717008563365e+01|2.6841872326055609e+03,4.7355188483048046e+01|-1.0399645499933692e+02|2.7266011060398714e+03,
204,-2.3419716166905342e+01|1.2190835522755463e+00|2.6867755202140543e+03,-3.5422510209454906e+01|-5.1890547426019040e+01|2.6746815167388913e+03,-1.3758339971933470e+01|-9.6493683166170214e+01|2.6845394217670118e+03,4.7162246956734641e+01|-1.0377627790807722e+02|2.7268217127113717e+03,
205,-2.3450490546936624e+01|1.4079651840642846e+00|2.6870837451121624e+03,-3.5620142160233840e+01|-5.1742117148146043e+01|2.6750569562763840e+03,-1.3910946254412373e+01|-9.6359445790884564e+01|2.6847837213975949e+03,4.6980547956232932e+01|-1.0377794009146839e+02|2.7269558950425612e+03,
206,-2.3718396868552148e+01|1.3815568222428618e+00|2.6868794059700185e+03,-3.5826875975271577e+01|-5.1779155595446184e+01|2.6750831960798737e+03,-1.4096426342283591e+01|-9.6410766922365696e+01|2.6848627371262469e+03,4.6926647120671497e+01|-1.0375482122507407e+02|2.7270379486929442e+03,
207,-2.5241770971890571e+01|1.7896294490825988e+00|2.6858654161652726e+03,-3.6385964897902973e+01|-5.1754928101518033e+01|2.6748078126035280e+03,-1.4243886233970295e+01|-9.6346700985214994e+01|2.6850800104997697e+03,4.6861104400096650e+01|-1.0370007712878761e+02|2.7271401859671823e+03,
208,-2.8498538370120791e+01|2.9483496621795995e+00|2.6839549020271079e+03,-3.7623402081249374e+01|-5.1244591266324072e+01|2.6744402908705142e+03,-1.4602639247411187e+01|-9.5683447806947356e+01|2.6853245895022619e+03,4.6819668313769867e+01|-1.0333208343282170e+02|2.7272548181134025e+03,
209,-3.3234335484399338e+01|4.3014620038704114e+00|2.6810298264647549e+03,-3.9196718988325820e+01|-5.0667814355938667e+01|2.6738118220383994e+03,-1.5024909825917211e+01|-9.4969825766136509e+01|2.6856227108161597e+03,4.6805200422022772e+01|-1.0281882413620512e+02|2.7273153261782072e+03,
210,-3.8775671555466587e+01|5.2213180670417501e+00|2.6774570040306294e+03,-4.0969756187661439e+01|-5.0381083822969920e+01|2.6729010457550953e+03,-1.5129122718475477e+01|-9.4298664815275188e+01|2.6855165208431990e+03,4.6809072438902007e+01|-1.0233037396045026e+02|2.7274141406066092e+03,
211,-4.4240732513560701e+01|5.5740304679617383e+00|2.6738135643775977e+03,-4.2474728912893198e+01|-5.0311758931187079e+01|2.6715897556418449e+03,-1.5041380210800323e+01|-9.3790722502057136e+01|2.6852831258954302e+03,4.7028616649892506e+01|-1.0184078846464962e+02|2.7273239494330187e+03,
212,-4.9730825951810765e+01|5.4582032665664304e+00|2.6699812951027334e+03,-4.3953872413478884e+01|-5.0357063032002436e+01|2.6702715832810300e+03,-1.4971540877403484e+01|-9.3233234774883243e+01|2.6851183398943208e+03,4.7283987578135218e+01|-1.0139201094122632e+02|2.7272490051413029e+03,
213,-5.6465193258155871e+01|4.4844066730257639e+00|2.6655083224249634e+03,-4.5964838280625216e+01|-5.0665847980242134e+01|2.6687485532865508e+03,-1.5194911836017008e+01|-9.2691458890869015e+01|2.6850629341780464e+03,4.7396178778188109e+01|-1.0074539928017934e+02|2.7272454367821033e+03,
214,-6.4711685959708149e+01|2.2509390685431843e+00|2.6603979887671085e+03,-4.8717102290787942e+01|-5.1353264650660201e+01|2.6671065772243287e+03,-1.5596650593742241e+01|-9.2071038447137312e+01|2.6849669460859782e+03,4.7344282241203075e+01|-1.0022075873582978e+02|2.7271927683947411e+03,
215,-7.3129870893589725e+01|-1.1444192741877424e+00|2.6552873870247613e+03,-5.1421249732129880e+01|-5.2362455818575867e+01|2.6652809817176317e+03,-1.5968736942757081e+01|-9.1508717896530072e+01|2.6848114988127240e+03,4.7303122786941564e+01|-9.9640607860509192e+01|2.7272354353486471e+03,
216,-8.0334194062523437e+01|-5.0929315255338370e+00|2.6508477618144225e+03,-5.3813881939828796e+01|-5.3610667398246100e+01|2.6636942350548929e+03,-1.6348924319228981e+01|-9.1212786390358147e+01|2.6846487881822541e+03,4.7166661674391136e+01|-9.9155942512827323e+01|2.7273689920129636e+03,
217,-8.6367719666397008e+01|-9.5741361788080859e+00|2.6471558167210251e+03,-5.5844087938368645e+01|-5.5240202906781917e+01|2.6621760789817922e+03,-1.6597598073338144e+01|-9.1155357198228103e+01|2.6842773945811273e+03,4.7053106777699817e+01|-9.8907748783061095e+01|2.7274011609367271e+03,
218,-9.1562105659435858e+01|-1.4327377438444433e+01|2.6438490748154213e+03,-5.7710071871503878e+01|-5.7140874335387743e+01|2.6609407738127588e+03,-1.6959970734018743e+01|-9.1430030122314633e+01|2.6840509049393836e+03,4.6973302823198608e+01|-9.8884120386194851e+01|2.7274392442986095e+03,
219,-9.6259825890523516e+01|-1.9208898498638035e+01|2.6412818580017815e+03,-5.9511155095075196e+01|-5.9101020148980822e+01|2.6599477918074490e+03,-1.7211720342161005e+01|-9.1675310808875579e+01|2.6839468176011324e+03,4.6819142267654151e+01|-9.8995975421563841e+01|2.7275390703175694e+03,
220,-1.0054156109914180e+02|-2.4144967465626422e+01|2.6390725707080915e+03,-6.1175039199627314e+01|-6.0940677448707419e+01|2.6591414554927492e+03,-1.7566456795720548e+01|-9.1868391856438734e+01|2.6839271013166144e+03,4.6725952356692474e+01|-9.9030777902882903e+01|2.7276524571942605e+03,
221,-1.0424104095624445e+02|-2.8851017363500564e+01|2.6371730115364353e+03,-6.2568087853698351e+01|-6.2722204142654334e+01|2.6583677751529895e+03,-1.7835429051112015e+01|-9.1875208581514400e+01|2.6838429105043365e+03,4.6662792361106185e+01|-9.8970472651655527e+01|2.7277039645556333e+03,
222,-1.0721998628360410e+02|-3.3112327113755747e+01|2.6355570862614477e+03,-6.3734075396373321e+01|-6.4337280281048848e+01|2.6576764288226723e+03,-1.8106568907760586e+01|-9.1911019527228419e+01|2.6836935429715486e+03,4.6597467736420491e+01|-9.8784180824623377e+01|2.7277826824805643e+03,
223,-1.0993638224337829e+02|-3.6857291325614099e+01|2.6346865254012464e+03,-6.4916000578834200e+01|-6.5635935388870379e+01|2.6572534160017203e+03,-1.8500511105621708e+01|-9.1883569192237715e+01|2.6837060830938653e+03,4.6386138143650996e+01|-9.8642375012831835e+01|2.7278619366570119e+03,
224,-1.1283026053411606e+02|-4.1064026955819784e+01|2.6339663437833483e+03,-6.6420218239020954e+01|-6.7156696619878986e+01|2.6570450627671107e+03,-1.9050448603079047e+01|-9.1867875794704261e+01|2.6838090879998549e+03,4.6112291287359596e+01|-9.8489945755664138e+01|2.7278276189419416e+03,
225,-1.1610166453664469e+02|-4.7174665747316958e+01|2.6330094206363192e+03,-6.8068284400506826e+01|-6.9900063200398776e+01|2.6566216700990540e+03,-1.9714088352968311e+01|-9.2614839380090274e+01|2.6836762167642337e+03,4.5707281538680370e+01|-9.8520632763819322e+01|2.7278140722454937e+03,
226,-1.1884373037546871e+02|-5.4592305143407870e+01|2.6315699913725289e+03,-6.9549125951924367e+01|-7.3822462303753710e+01|2.6557973079037706e+03,-2.0226580085600752e+01|-9.4141679082478873e+01|2.6832102034383997e+03,4.5427693342010159e+01|-9.8915528216627095e+01|2.7276239597953645e+03,
227,-1.2107256889813678e+02|-6.1496514533369513e+01|2.6302864153286368e+03,-7.0717878779529329e+01|-7.7520795202376519e+01|2.6548106308908068e+03,-2.0589534864803390e+01|-9.5611852432105110e+01|2.6826723268473479e+03,4.5119859838835694e+01|-9.9220160569662440e+01|2.7274564275449420e+03,
228,-1.2307713824020975e+02|-6.6889192861888233e+01|2.6298786473964560e+03,-7.1827821761680880e+01|-8.0359179832645168e+01|2.6543897762497977e+03,-2.1153698905814551e+01|-9.6602839594660509e+01|2.6824352096450461e+03,4.4804716152462397e+01|-9.9357603495580335e+01|2.7273630414813151e+03,
229,-1.2484480108958374e+02|-7.1358730778237927e+01|2.6299891443368060e+03,-7.2989146131037927e+01|-8.2653794479315479e+01|2.6544150150340788e+03,-2.1823271251948675e+01|-9.7353060185484580e+01|2.6825036098363680e+03,4.4377428314081719e+01|-9.9480284024410821e+01|2.7273375673724099e+03,
230,-1.2637797660967863e+02|-7.5445024283721779e+01|2.6302397045726862e+03,-7.3972125365077162e+01|-8.4662978126248589e+01|2.6543103145568016e+03,-2.2398165120257666e+01|-9.7968829151816806e+01|2.6825498833328556e+03,4.3981323234831493e+01|-9.9643583125550265e+01|2.7273609970272960e+03,
231,-1.2794982079632651e+02|-7.9311182744468340e+01|2.6307463135767448e+03,-7.5065201707895255e+01|-8.6528019633493145e+01|2.6545088177689536e+03,-2.2929874065640874e+01|-9.8346752435612615e+01|2.6825063587516465e+03,4.3669634958505469e+01|-9.9611362238081981e+01|2.7271511420841421e+03,
232,-1.2930858564937031e+02|-8.2196497689315876e+01|2.6313873676002540e+03,-7.6009354809811896e+01|-8.7716833556493654e+01|2.6547340310016502e+03,-2.3503427656182946e+01|-9.8433654277235988e+01|2.6825461242701249e+03,4.3422907844892215e+01|-9.9446639835789810e+01|2.7268985873592133e+03,
233,-1.3035342512290705e+02|-8.3980278145341970e+01|2.6319757686215785e+03,-7.6828897899359504e+01|-8.8398346742312086e+01|2.6550341203176686e+03,-2.4002238551124556e+01|-9.8126716540500880e+01|2.6824232347972675e+03,4.3115390343742035e+01|-9.9151793933402033e+01|2.7267158031404992e+03,
234,-1.3136450617856690e+02|-8.4685107621714792e+01|2.6326938855100120e+03,-7.7641616887354814e+01|-8.8358218857086882e+01|2.6554848055342040e+03,-2.4510266109652921e+01|-9.7581094678797456e+01|2.6823964833277760e+03,4.2912814369049308e+01|-9.8796541651487559e+01|2.7264282206973785e+03,
235,-1.3194719131749713e+02|-8.4536574137103585e+01|2.6332788228682666e+03,-7.8115331171107073e+01|-8.7774876402612378e+01|2.6557338264891273e+03,-2.4812962458845732e+01|-9.6852352976347987e+01|2.6824466302157666e+03,4.2814052275312541e+01|-9.8283697246085012e+01|2.7262551631452457e+03,
236,-1.3249329343000625e+02|-8.3638491055393644e+01|2.6341003897029559e+03,-7.8551800113047619e+01|-8.6759580929907187e+01|2.6560147878596476e+03,-2.5075417127580618e+01|-9.5839901008299918e+01|2.6824682113833810e+03,4.2834496074651462e+01|-9.7609544772941248e+01|2.7259831592272903e+03,
237,-1.3314549778885254e+02|-8.2403932439040659e+01|2.6350815753615402e+03,-7.9155127935568842e+01|-8.5595189645918495e+01|2.6566485920228483e+03,-2.5448842380509625e+01|-9.4749717170557972e+01|2.6826058554748643e+03,4.2697598667149883e+01|-9.6934232602411029e+01|2.7256526651353538e+03,
238,-1.3381269817375741e+02|-8.1348147981057409e+01|2.6360049240790595e+03,-7.9596824085974220e+01|-8.4467865702755461e+01|2.6570959905242057e+03,-2.5868047318283899e+01|-9.3854033256925987e+01|2.6826594643049930e+03,4.2554277049888817e+01|-9.6367935487055377e+01|2.7254086168921272e+03,
239,-1.3437233945078944e+02|-8.0512172496141872e+01|2.6365193196665318e+03,-7.9995933073251067e+01|-8.3619104093880225e+01|2.6572308347996950e+03,-2.6234375672978921e+01|-9.3067930122638558e+01|2.6827337137006971e+03,4.2359268797729882e+01|-9.5932676569064213e+01|2.7252328923671621e+03,
240,-1.3464825016647973e+02|-8.0019000523305152e+01|2.6366180000220561e+03,-8.0233705229190136e+01|-8.2999414315197555e+01|2.6571577692142509e+03,-2.6425713702604487e+01|-9.2372430563250802e+01|2.6825525004855658e+03,4.2271193259623963e+01|-9.5443437068073337e+01|2.7248533374988197e+03,
241,-1.3479761685149117e+02|-7.9472263472167029e+01|2.6366088984272378e+03,-8.0558538656909846e+01|-8.2503508185791461e+01|2.6571684706765436e+03,-2.6555820101891122e+01|-9.1806171998918629e+01|2.6823283602294578e+03,4.2168265016135535e+01|-9.4946605404459476e+01|2.7245708377518058e+03,
242,-1.3491332937036699e+02|-7.9078150418828287e+01|2.6365183298332004e+03,-8.0652481394602873e+01|-8.2036104192268681e+01|2.6570891310863399e+03,-2.6617346089167597e+01|-9.1354909973630612e+01|2.6820709785148538e+03,4.2169622801354073e+01|-9.4620279479308437e+01|2.7242684992005729e+03,
243,-1.3490480835060157e+02|-7.8878397342458442e+01|2.6363507212136233e+03,-8.0558973780705401e+01|-8.1769804264600026e+01|2.6568610930964401e+03,-2.6595174996459548e+01|-9.1120687165387267e+01|2.6818757359080828e+03,4.2212511045533148e+01|-9.4388861483198198e+01|2.7239332747059248e+03,
244,-1.3473782651025201e+02|-7.8817646641674642e+01|2.6359691750629058e+03,-8.0282174585635886e+01|-8.1653354937658918e+01|2.6563510093538262e+03,-2.6381391386541019e+01|-9.0923220989872789e+01|2.6814589840046629e+03,4.2452123164080710e+01|-9.4177520872133442e+01|2.7235564462455245e+03,
245,-1.3429317901162881e+02|-7.8549582593833733e+01|2.6355420504504482e+03,-7.9848892353173440e+01|-8.1349725995761460e+01|2.6559047298783598e+03,-2.5954669351362270e+01|-9.0624978187670408e+01|2.6810091023841683e+03,4.2879283828935677e+01|-9.3977522734348980e+01|2.7230845546858654e+03,
246,-1.3371903873113470e+02|-7.8054853226543059e+01|2.6350413490272404e+03,-7.9224250889043347e+01|-8.0828694885591020e+01|2.6553526524735862e+03,-2.5322375822235504e+01|-9.0055612754352765e+01|2.6803896471265302e+03,4.3558636376732586e+01|-9.3495593760028200e+01|2.7224629265003846e+03,
247,-1.3278616273779102e+02|-7.7339370058765510e+01|2.6341506035552584e+03,-7.8400051216152477e+01|-7.9986076059934419e+01|2.6544160123733118e+03,-2.4445814698709299e+01|-8.9343345286173076e+01|2.6794896920309980e+03,4.4472243977965206e+01|-9.2858194620294597e+01|2.7215688833362674e+03,
248,-1.3157650212860921e+02|-7.6299050511622596e+01|2.6328715678984308e+03,-7.7238227996314976e+01|-7.9048418146035871e+01|2.6531190794698300e+03,-2.3227284026967673e+01|-8.8366648983672590e+01|2.6782739118430477e+03,4.5700814804932854e+01|-9.1917907015938269e+01|2.7202861001072602e+03,
249,-1.2990060642862790e+02|-7.4869212974652129e+01|2.6309582801107417e+03,-7.5470835935442381e+01|-7.7697235198999920e+01|2.6512759482949627e+03,-2.1515114600776116e+01|-8.7050892583116621e+01|2.6765465060019369e+03,4.7284632212285729e+01|-9.0740373089439785e+01|2.7187494386878675e+03,
250,-1.2791666890345944e+02|-7.3192427484920955e+01|2.6286215101012217e+03,-7.3470156686138708e+01|-7.6121227505690527e+01|2.6491004052178009e+03,-1.9643637340996207e+01|-8.5585420593955746e+01|2.6745051525012213e+03,4.9151274996203263e+01|-8.9384270076789662e+01|2.7169091122048949e+03,
251,-1.2588532152402361e+02|-7.1412502604691568e+01|2.6260356954129184e+03,-7.1502329350320466e+01|-7.4351302145871841e+01|2.6468019578340932e+03,-1.7647203569062267e+01|-8.4041630337419875e+01|2.6722213983769193e+03,5.1054479533078805e+01|-8.7932438278718394e+01|2.7148925220014130e+03,
252,-1.2391599447663386e+02|-6.9770594149478072e+01|2.6233236561563895e+03,-6.9520361369030624e+01|-7.2877630806794443e+01|2.6443281171811086e+03,-1.5761734571016444e+01|-8.2568670053416241e+01|2.6697879498554930e+03,5.2878628124840276e+01|-8.6535445684822534e+01|2.7125489048519412e+03,
253,-1.2192179287993720e+02|-6.8449301075889792e+01|2.6204751457987550e+03,-6.7562662384898871e+01|-7.1539526272124320e+01|2.6415322882401792e+03,-1.3823538078618835e+01|-8.1288936617539576e+01|2.6670957134152718e+03,5.4803145628560294e+01|-8.5395385726843031e+01|2.7099402692448111e+03,
254,-1.1993943564502408e+02|-6.7409757713005803e+01|2.6174340200178522e+03,-6.5595015423117715e+01|-7.0566004801122176e+01|2.6385731063925923e+03,-1.1807190981188931e+01|-8.0314387747312594e+01|2.6641862518711723e+03,5.6727600106909662e+01|-8.4503894004417617e+01|2.7072692661126721e+03,
255,-1.1791256990132506e+02|-6.6769006634886935e+01|2.6143047619966828e+03,-6.3581337805183892e+01|-6.9914288294491755e+01|2.6354880867640031e+03,-9.7624274598982783e+00|-7.9706495354688371e+01|2.6613340134040209e+03,5.8629498489330288e+01|-8.4082440647269323e+01|2.7045653002331896e+03,
256,-1.1589158898993689e+02|-6.6628846693716639e+01|2.6111363567996527e+03,-6.1616492479272090e+01|-6.9788440871518702e+01|2.6325445722076483e+03,-7.7472360251262868e+00|-7.9529565245272053e+01|2.6583597956586900e+03,6.0523386279933298e+01|-8.3896852840705250e+01|2.7019000859301796e+03,
257,-1.1401707951479361e+02|-6.6876663570151791e+01|2.6081074380508840e+03,-5.9672164812542597e+01|-6.9836450140809376e+01|2.6295896933970093e+03,-5.9134781059017554e+00|-7.9634036852688666e+01|2.6556981317442710e+03,6.2478866999722889e+01|-8.3956945468987186e+01|2.6992050569765775e+03,
258,-1.1224085964972403e+02|-6.7240425069484800e+01|2.6053147814483764e+03,-5.7873881116872980e+01|-7.0140057550851878e+01|2.6268460104950427e+03,-4.1369752386924779e+00|-7.9889767997275513e+01|2.6530172929238870e+03,6.4282929166941628e+01|-8.4194053825073397e+01|2.6966383373155895e+03,
259,-1.1052552098292595e+02|-6.7570052751471906e+01|2.6026406734918096e+03,-5.6179774031839941e+01|-7.0459878686038309e+01|2.6241874056517231e+03,-2.4047024897627978e+00|-8.0175252128707498e+01|2.6504657477136752e+03,6.5932061178715301e+01|-8.4481918263477752e+01|2.6942861580733161e+03,
260,-1.0905306647594223e+02|-6.7756638102459007e+01|2.6001179237963006e+03,-5.4630924173115524e+01|-7.0720450226040882e+01|2.6218789599599218e+03,-9.7854880294205393e-01|-8.0454140623374997e+01|2.6482252262665306e+03,6.7236102844220483e+01|-8.4801134710389391e+01|2.6922758711442443e+03,
261,-1.0785429749505728e+02|-6.8008030706386705e+01|2.5980808525872158e+03,-5.3378117711559121e+01|-7.0966995898351854e+01|2.6198015449348532e+03,1.6156881126715639e-01|-8.0725707887441288e+01|2.6463174499701458e+03,6.8334550937413525e+01|-8.5123511967515370e+01|2.6903932325008273e+03,
262,-1.0690254723429614e+02|-6.8318610215254878e+01|2.5962848472398655e+03,-5.2503840834889481e+01|-7.1298231183841949e+01|2.6181825054347851e+03,1.1113552061276100e+00|-8.1082739032453006e+01|2.6446999558061598e+03,6.9271812217113037e+01|-8.5436652700353676e+01|2.6888348945934927e+03,
263,-1.0615708087415271e+02|-6.8741344627997549e+01|2.5949049147312667e+03,-5.1759787984508165e+01|-7.1698396748459302e+01|2.6168215568842347e+03,1.8596679437849968e+00|-8.1492057429209737e+01|2.6432777216661939e+03,6.9984836915990556e+01|-8.5821137638707896e+01|2.6875359329049970e+03,
264,-1.0549550969954598e+02|-6.9044536794595842e+01|2.5936576543710576e+03,-5.1104081926850789e+01|-7.2026415195012206e+01|2.6156068428531507e+03,2.5132067995523641e+00|-8.1789691562492763e+01|2.6421229984567640e+03,7.0695331612707889e+01|-8.6071515853155404e+01|2.6863776847001909e+03,
265,-1.0485939545334229e+02|-6.9112059671573647e+01|2.5925406474905885e+03,-5.0535812682350027e+01|-7.2049245662502216e+01|2.6145836741852022e+03,3.0794245156260800e+00|-8.1764850046678575e+01|2.6411404403443789e+03,7.1263169365503359e+01|-8.5996117377911261e+01|2.6853909558356445e+03,
266,-1.0423112941874527e+02|-6.8670694482442102e+01|2.5916026757558770e+03,-4.9879331358959824e+01|-7.1660924410371251e+01|2.6136015457713388e+03,3.7009665181713425e+00|-8.1331664920067936e+01|2.6403059676154057e+03,7.1875102100315829e+01|-8.5541979537521584e+01|2.6845433701195630e+03,
267,-1.0371838552592118e+02|-6.7936567340613280e+01|2.5908961378551321e+03,-4.9492958711904286e+01|-7.0969764261377549e+01|2.6129457704301344e+03,4.1716680998682811e+00|-8.0745509534967780e+01|2.6397440184655284e+03,7.2317254831967361e+01|-8.4965400846703261e+01|2.6840043908359062e+03,
268,-1.0368020677776792e+02|-6.7077277890718037e+01|2.5906536971708506e+03,-4.9345424311165011e+01|-7.0176738987004626e+01|2.6126461995345935e+03,4.3428894915924339e+00|-8.0047724978246080e+01|2.6393924534280313e+03,7.2409728417245091e+01|-8.4447526239427006e+01|2.6837840560349405e+03,
269,-1.0400549365074809e+02|-6.6458926023069480e+01|2.5908070315294763e+03,-4.9615907605497242e+01|-6.9665637739069908e+01|2.6127263582403248e+03,3.9469444626287120e+00|-7.9533417321852482e+01|2.6395160263646576e+03,7.2050528227396555e+01|-8.3972819096866857e+01|2.6838635127185516e+03,
270,-1.0477033716402295e+02|-6.6168948645163212e+01|2.5913383604924820e+03,-5.0312472327193682e+01|-6.9305036797372793e+01|2.6131680524950320e+03,3.2276847660323904e+00|-7.9176207842924086e+01|2.6399543627340427e+03,7.1387495229410447e+01|-8.3564581151885335e+01|2.6841846466209490e+03,
271,-1.0565786808891193e+02|-6.5881770310030504e+01|2.5921068944268995e+03,-5.1290398556609908e+01|-6.9006541896929534e+01|2.6140624516065895e+03,2.3529383055782951e+00|-7.8844668399944112e+01|2.6406584234159363e+03,7.0554117018809293e+01|-8.3211145954621927e+01|2.6847121522529333e+03,
272,-1.0666610386603875e+02|-6.5551146048727816e+01|2.5930408561495483e+03,-5.2245770818967770e+01|-6.8527615432345272e+01|2.6148986441715069e+03,1.4376749890880223e+00|-7.8483217096693579e+01|2.6414507555375362e+03,6.9623051450537389e+01|-8.2823165187785065e+01|2.6855216067606966e+03,
273,-1.0767913388931974e+02|-6.5013211080850638e+01|2.5942348872577909e+03,-5.3213180835469565e+01|-6.8093941144872261e+01|2.6159926140616399e+03,3.7452861722590969e-01|-7.8032094394869574e+01|2.6425717222751700e+03,6.8581650484522683e+01|-8.2387214987972385e+01|2.6865464475334888e+03,
274,-1.0883471238946589e+02|-6.4410111347253434e+01|2.5955675158081572e+03,-5.4387186649361453e+01|-6.7464132806595117e+01|2.6173291417228029e+03,-6.7846898846076531e-01|-7.7468356235742689e+01|2.6437244696578464e+03,6.7507419579817196e+01|-8.1936618170505398e+01|2.6876626084666564e+03,
275,-1.1006813054311111e+02|-6.3990049315085201e+01|2.5972298195702101e+03,-5.5613129250942109e+01|-6.7103030927900960e+01|2.6187901447083150e+03,-1.8732279731485257e+00|-7.7043505987950411e+01|2.6450638220644632e+03,6.6418441790102108e+01|-8.1506131367963221e+01|2.6888524988322615e+03,
276,-1.1130695073126030e+02|-6.3791260824693296e+01|2.5988795005628431e+03,-5.6869752893495018e+01|-6.6976811576608057e+01|2.6203757995025853e+03,-3.0893081203272779e+00|-7.6870548032504502e+01|2.6465274913452599e+03,6.5262741023721958e+01|-8.1338020763218566e+01|2.6902843849187734e+03,
277,-1.1250630419066795e+02|-6.3768529836101060e+01|2.6006615047096861e+03,-5.8140650359087331e+01|-6.6992201322440138e+01|2.6221158797812991e+03,-4.2582442189445393e+00|-7.6895803740706640e+01|2.6481340257515571e+03,6.4129018234321279e+01|-8.1340428166935027e+01|2.6916348973432368e+03,
278,-1.1378195029230679e+02|-6.3756839031448749e+01|2.6025924204344419e+03,-5.9429017361116550e+01|-6.7025620315970812e+01|2.6239971334993647e+03,-5.5441472124244928e+00|-7.6956681988385256e+01|2.6498295502125620e+03,6.2921297557656359e+01|-8.1462020597570046e+01|2.6932666111005074e+03,
279,-1.1522066051343299e+02|-6.3899637510878890e+01|2.6047454253416095e+03,-6.0780344023887999e+01|-6.7138689212225145e+01|2.6258545954568781e+03,-6.9604824063155712e+00|-7.7089762407618778e+01|2.6516859979118999e+03,6.1517647655420561e+01|-8.1747508562157179e+01|2.6949886341505512e+03,
280,-1.1690293738131911e+02|-6.4386292198413187e+01|2.6069288245695657e+03,-6.2375660747418806e+01|-6.7543022489377478e+01|2.6280796713060158e+03,-8.5549160667983219e+00|-7.7586454810293105e+01|2.6537671749196343e+03,5.9975394284314476e+01|-8.2141549756719598e+01|2.6969637078379797e+03,
281,-1.1854950025450930e+02|-6.5190609251411686e+01|2.6092408610134903e+03,-6.4062021888527028e+01|-6.8322371542527122e+01|2.6302470267279941e+03,-1.0192428210721017e+01|-7.8387663371199963e+01|2.6559084698563911e+03,5.8412193122964005e+01|-8.2906522292513202e+01|2.6989102956834381e+03,
282,-1.2029472066883538e+02|-6.6201740570938867e+01|2.6117356775415515e+03,-6.5749912587680939e+01|-6.9390107417559094e+01|2.6325553506578899e+03,-1.1799777555208614e+01|-7.9403257465091727e+01|2.6580524208118240e+03,5.6830556225454544e+01|-8.3880560440595559e+01|2.7009013879599665e+03,
283,-1.2214970644282991e+02|-6.7343083985469519e+01|2.6141950340051094e+03,-6.7644699580695303e+01|-7.0555053672035797e+01|2.6350180031528871e+03,-1.3634526678161590e+01|-8.0459119936962821e+01|2.6603323148286540e+03,5.5069619072258277e+01|-8.4770597307600596e+01|2.7029281264741207e+03,
284,-1.2411160323221375e+02|-6.8301238927977764e+01|2.6167758810636728e+03,-6.9517156485461143e+01|-7.1514727560461097e+01|2.6373345396979521e+03,-1.5526694039504683e+01|-8.1319993325640453e+01|2.6625269735380225e+03,5.3262164909877413e+01|-8.5606536872802863e+01|2.7051044296214782e+03,
285,-1.2593938298255640e+02|-6.8908553005515316e+01|2.6192803439224340e+03,-7.1383837679461891e+01|-7.1996807428566783e+01|2.6397610187564969e+03,-1.7389214668754555e+01|-8.1878413917809283e+01|2.6647222299714772e+03,5.1534859819641952e+01|-8.6102023550036108e+01|2.7070781664362357e+03,
286,-1.2763102958575736e+02|-6.9222666224772723e+01|2.6215751962277409e+03,-7.3072916064407366e+01|-7.2274447282992497e+01|2.6418268906114031e+03,-1.9044670394230231e+01|-8.2157741248988259e+01|2.6668352707777194e+03,4.9953604999115370e+01|-8.6362393117460783e+01|2.7089920385527248e+03,
287,-1.2924386989419196e+02|-6.9034458434978191e+01|2.6237094195883856e+03,-7.4712392784747152e+01|-7.2183727404669185e+01|2.6439058367432053e+03,-2.0681563754473448e+01|-8.2157372630702412e+01|2.6688168594341987e+03,4.8322354592752930e+01|-8.6427081703753743e+01|2.7108990750827979e+03,
288,-1.3083276979886847e+02|-6.8692406961195474e+01|2.6256901372195093e+03,-7.6309214501050874e+01|-7.1968262806808539e+01|2.6459217153730665e+03,-2.2171265919871182e+01|-8.1943159221583741e+01|2.6706243006112913e+03,4.6685537166256346e+01|-8.6301065828459869e+01|2.7126804285869416e+03,
289,-1.3246192065731657e+02|-6.8152631719686937e+01|2.6276552875017605e+03,-7.7843261493351719e+01|-7.1564722375568536e+01|2.6477199706156644e+03,-2.3812623516761164e+01|-8.1619630512200416e+01|2.6722995745308071e+03,4.5173860315335560e+01|-8.5984448856920537e+01|2.7141599230788934e+03,
290,-1.3400767351128687e+02|-6.7477994966818287e+01|2.6292534332624655e+03,-7.9505427302514306e+01|-7.0846798109060543e+01|2.6491715547440490e+03,-2.5363721293554182e+01|-8.1000539083433409e+01|2.6736788551915665e+03,4.3671720734923319e+01|-8.5385262673170743e+01|2.7154236064841834e+03,
291,-1.3568915953961559e+02|-6.6486686739353317e+01|2.6307345159927622e+03,-8.1072842070840593e+01|-6.9894696879387851e+01|2.6503704473494395e+03,-2.7004385532409845e+01|-8.0100396065429919e+01|2.6749326742228131e+03,4.2196943820066878e+01|-8.4517436178939832e+01|2.7164271219881102e+03,
292,-1.3732337081417543e+02|-6.5335512363421557e+01|2.6320623117008490e+03,-8.2739996739732135e+01|-6.8787988306000329e+01|2.6517121337607600e+03,-2.8548103957731730e+01|-7.9020047593951247e+01|2.6759655403279162e+03,4.0745583039905441e+01|-8.3503852889572599e+01|2.7172727082157180e+03,
293,-1.3873419818186423e+02|-6.4152620871840014e+01|2.6331718121407371e+03,-8.4165628406216825e+01|-6.7648841890023533e+01|2.6526860356525053e+03,-2.9940571983438744e+01|-7.7942863010042487e+01|2.6768123203588179e+03,3.9279674308330925e+01|-8.2500171985175385e+01|2.7180554737346647e+03,
294,-1.3970336538466847e+02|-6.3133740871321812e+01|2.6339143177091241e+03,-8.5177708861707089e+01|-6.6659301329793138e+01|2.6533459428125630e+03,-3.1063690659373520e+01|-7.7023542818739600e+01|2.6775657607043458e+03,3.8278779136408360e+01|-8.1736924732320631e+01|2.7186617380054881e+03,
295,-1.4040575935723319e+02|-6.2539252114784020e+01|2.6345903230458275e+03,-8.5782431989166938e+01|-6.6143892773619214e+01|2.6539692349420457e+03,-3.1640739934299702e+01|-7.6556087303103851e+01|2.6780140909625666e+03,3.7696446635328492e+01|-8.1293687954843634e+01|2.7192161612419127e+03,
296,-1.4076984372476835e+02|-6.2752126695674669e+01|2.6351850295269005e+03,-8.6180985437799905e+01|-6.6395800155795811e+01|2.6545755207039392e+03,-3.2036485892255726e+01|-7.6787889405446137e+01|2.6786084681196357e+03,3.7289704587578619e+01|-8.1590955897234508e+01|2.7197350036740249e+03,
297,-1.4092981301898328e+02|-6.3854426800283093e+01|2.6357147104400428e+03,-8.6372767319557781e+01|-6.7405013417317008e+01|2.6552938314966182e+03,-3.2254727247965732e+01|-7.7731529617443215e+01|2.6792113009043555e+03,3.7067191265419503e+01|-8.2341195091922245e+01|2.7203383361230699e+03,
298,-1.4115774418087304e+02|-6.5235276029760186e+01|2.6363855214149316e+03,-8.6524471670485710e+01|-6.8702033432298720e+01|2.6558061822692225e+03,-3.2468221031620573e+01|-7.8946380722159859e+01|2.6799673371064009e+03,3.7002461243797526e+01|-8.3484809729493790e+01|2.7209815490876563e+03,
299,-1.4139651564909906e+02|-6.6432202624524379e+01|2.6371623901933367e+03,-8.6845422409188714e+01|-6.9825490447890161e+01|2.6565804596679336e+03,-3.2649159618648959e+01|-8.0059383692936677e+01|2.6806973914450728e+03,3.6797259335985927e+01|-8.4467770177990843e+01|2.7216574772971048e+03,
